gw1n1-000,GW1N-LV1CS30C6/I5,GW1N,GW1N-1,WLCSP30,LV,C6/I5,6,24,1152,864,,,72Kb,96Kb,,1,
gw1n1-001,GW1N-LV1CS30C5/I4,GW1N,GW1N-1,WLCSP30,LV,C5/I4,5,24,1152,864,,,72Kb,96Kb,,1,
gw1n1-002,GW1N-LV1QN32C6/I5,GW1N,GW1N-1,QFN32,LV,C6/I5,6,26,1152,864,,,72Kb,96Kb,,1,
gw1n1-004,GW1N-LV1QN48C6/I5,GW1N,GW1N-1,QFN48,LV,C6/I5,6,41,1152,864,,,72Kb,96Kb,,1,
gw1n1-010,GW1N-LV1LQ100C6/I5,GW1N,GW1N-1,LQFP100,LV,C6/I5,6,80,1152,864,,,72Kb,96Kb,,1,
gw1n1-012,GW1N-LV1LQ144C6/I5,GW1N,GW1N-1,LQFP144,LV,C6/I5,6,117,1152,864,,,72Kb,96Kb,,1,
gw1nz1-006,GW1NZ-LV1FN32C6/I5,GW1NZ,GW1NZ-1,QFN32,LV,C6/I5,6,26,1152,864,,4Kb,72Kb,64Kb,,1,
gw1nz1-008,GW1NZ-LV1CS16C6/I5,GW1NZ,GW1NZ-1,WLCSP16,LV,C6/I5,6,11,1152,864,,4Kb,72Kb,64Kb,,1,
gw1nz1-009,GW1NZ-LV1FN32C5/I4,GW1NZ,GW1NZ-1,QFN32,LV,C5/I4,5,26,1152,864,,4Kb,72Kb,64Kb,,1,
gw1nz1-010,GW1NZ-ZV1FN32I2,GW1NZ,GW1NZ-1,QFN32,ZV,I2,2,26,1152,864,,4Kb,72Kb,64Kb,,1,
gw1nz1-011,GW1NZ-ZV1FN32I3,GW1NZ,GW1NZ-1,QFN32,ZV,I3,3,26,1152,864,,4Kb,72Kb,64Kb,,1,
gw1nz1-012,GW1NZ-ZV1CS16I2,GW1NZ,GW1NZ-1,WLCSP16,ZV,I2,2,11,1152,864,,4Kb,72Kb,64Kb,,1,
gw1nz1-013,GW1NZ-ZV1CS16I3,GW1NZ,GW1NZ-1,WLCSP16,ZV,I3,3,11,1152,864,,4Kb,72Kb,64Kb,,1,
gw1nz1-014,GW1NZ-LV1QN48ES,GW1NZ,GW1NZ-1,QFN48,LV,ES,5,41,1152,864,,4Kb,72Kb,64Kb,,1,
gw1nz1-015,GW1NZ-LV1QN48C6/I5,GW1NZ,GW1NZ-1,QFN48,LV,C6/I5,6,41,1152,864,,4Kb,72Kb,64Kb,,1,
gw1nz1-017,GW1NZ-LV1FN32FC6/I5,GW1NZ,GW1NZ-1,QFN32F,LV,C6/I5,6,26,1152,864,,4Kb,72Kb,64Kb,,1,
gw1nz1-018,GW1NZ-LV1FN32FC5/I4,GW1NZ,GW1NZ-1,QFN32F,LV,C5/I4,5,26,1152,864,,4Kb,72Kb,64Kb,,1,
gw1nz1-019,GW1NZ-ZV1FN32FI2,GW1NZ,GW1NZ-1,QFN32F,ZV,I2,2,26,1152,864,,4Kb,72Kb,64Kb,,1,
gw1nz1-020,GW1NZ-ZV1FN32FI3,GW1NZ,GW1NZ-1,QFN32F,ZV,I3,3,26,1152,864,,4Kb,72Kb,64Kb,,1,
gw1nz1-021,GW1NZ-ZV1FN32FES,GW1NZ,GW1NZ-1,QFN32F,ZV,ES,2,26,1152,864,,4Kb,72Kb,64Kb,,1,
gw1nz1-022,GW1NZ-ZV1QN48I2,GW1NZ,GW1NZ-1,QFN48,ZV,I2,2,41,1152,864,,4Kb,72Kb,64Kb,,1,
gw1nz1-023,GW1NZ-ZV1QN48I3,GW1NZ,GW1NZ-1,QFN48,ZV,I3,3,41,1152,864,,4Kb,72Kb,64Kb,,1,
gw1nz1-026,GW1NZ-LV1CG25C6/I5,GW1NZ,GW1NZ-1,WLCSP25,LV,C6/I5,6,20,1152,864,,4Kb,72Kb,64Kb,,1,
gw1nz1-027,GW1NZ-LV1CG25C5/I4,GW1NZ,GW1NZ-1,WLCSP25,LV,C5/I4,5,20,1152,864,,4Kb,72Kb,64Kb,,1,
gw1nz1-028,GW1NZ-LV1FN24C6/I5,GW1NZ,GW1NZ-1,QFN24,LV,C6/I5,6,18,1152,864,,4Kb,72Kb,64Kb,,1,
gw1nz1c-000,GW1NZ-LV1QN48A3,GW1NZ,GW1NZ-1C,QFN48,LV,A3,3,40,1152,864,,4Kb,72Kb,64Kb,,1,
gw1n1s-000,GW1N-LV1SFN32C6/I5,GW1N,GW1N-1S,QFN32,LV,C6/I5,6,26,1152,864,,,72Kb,96Kb,,1,
gw1n1s-001,GW1N-LV1SCS30C6/I5,GW1N,GW1N-1S,WLCSP30,LV,C6/I5,6,24,1152,864,,,72Kb,96Kb,,1,
gw1n1p5-000,GW1N-LV1P5LQ100XC7/I6,GW1N,GW1N-1P5,LQFP100X,LV,C7/I6,7,81,1584,1584,,12Kb,72Kb,96Kb,,1,LQFP100X-LV
gw1n1p5-001,GW1N-LV1P5LQ100XC6/I5,GW1N,GW1N-1P5,LQFP100X,LV,C6/I5,6,81,1584,1584,,12Kb,72Kb,96Kb,,1,LQFP100X-LV
gw1n1p5-003,GW1N-UV1P5LQ100XC6/I5,GW1N,GW1N-1P5,LQFP100X,UV,C6/I5,6,81,1584,1584,,12Kb,72Kb,96Kb,,1,LQFP100X-UV
gw1n1p5-006,GW1N-LV1P5LQ100C7/I6,GW1N,GW1N-1P5,LQFP100,LV,C7/I6,7,81,1584,1584,,12Kb,72Kb,96Kb,,1,LQFP100-LV
gw1n1p5-007,GW1N-LV1P5LQ100C6/I5,GW1N,GW1N-1P5,LQFP100,LV,C6/I5,6,81,1584,1584,,12Kb,72Kb,96Kb,,1,LQFP100-LV
gw1n1p5-009,GW1N-UV1P5LQ100C6/I5,GW1N,GW1N-1P5,LQFP100,UV,C6/I5,6,81,1584,1584,,12Kb,72Kb,96Kb,,1,LQFP100-UV
gw1n1p5b-000,GW1N-LV1P5LQ100XC7/I6,GW1N,GW1N-1P5B,LQFP100X,LV,C7/I6,7,81,1584,1584,,12Kb,72Kb,96Kb,,1,LQFP100X-LV
gw1n1p5b-001,GW1N-LV1P5LQ100XC6/I5,GW1N,GW1N-1P5B,LQFP100X,LV,C6/I5,6,81,1584,1584,,12Kb,72Kb,96Kb,,1,LQFP100X-LV
gw1n1p5b-003,GW1N-UV1P5LQ100XC6/I5,GW1N,GW1N-1P5B,LQFP100X,UV,C6/I5,6,81,1584,1584,,12Kb,72Kb,96Kb,,1,LQFP100X-UV
gw1n1p5b-005,GW1N-LV1P5LQ100C7/I6,GW1N,GW1N-1P5B,LQFP100,LV,C7/I6,7,81,1584,1584,,12Kb,72Kb,96Kb,,1,LQFP100-LV
gw1n1p5b-006,GW1N-LV1P5LQ100C6/I5,GW1N,GW1N-1P5B,LQFP100,LV,C6/I5,6,81,1584,1584,,12Kb,72Kb,96Kb,,1,LQFP100-LV
gw1n1p5b-008,GW1N-UV1P5LQ100C6/I5,GW1N,GW1N-1P5B,LQFP100,UV,C6/I5,6,81,1584,1584,,12Kb,72Kb,96Kb,,1,LQFP100-UV
gw1n1p5b-012,GW1N-LV1P5QN48XC6/I5,GW1N,GW1N-1P5B,QFN48X,LV,C6/I5,6,40,1584,1584,,12Kb,72Kb,96Kb,,1,QFN48X-LV
gw1n1p5b-013,GW1N-UV1P5QN48XC6/I5,GW1N,GW1N-1P5B,QFN48X,UV,C6/I5,6,40,1584,1584,,12Kb,72Kb,96Kb,,1,QFN48X-UV
gw1n1p5b-014,GW1N-UV1P5LQ100XC7/I6,GW1N,GW1N-1P5B,LQFP100X,UV,C7/I6,7,81,1584,1584,,12Kb,72Kb,96Kb,,1,LQFP100X-UV
gw1n1p5b-015,GW1N-UV1P5LQ100C7/I6,GW1N,GW1N-1P5B,LQFP100,UV,C7/I6,7,81,1584,1584,,12Kb,72Kb,96Kb,,1,LQFP100-UV
gw1n1p5b-016,GW1N-LV1P5QN48XC7/I6,GW1N,GW1N-1P5B,QFN48X,LV,C7/I6,7,40,1584,1584,,12Kb,72Kb,96Kb,,1,QFN48X-LV
gw1n1p5b-017,GW1N-UV1P5QN48XC7/I6,GW1N,GW1N-1P5B,QFN48X,UV,C7/I6,7,40,1584,1584,,12Kb,72Kb,96Kb,,1,QFN48X-UV
gw1n1p5c-000,GW1N-LV1P5LQ100XC6/I5,GW1N,GW1N-1P5C,LQFP100X,LV,C6/I5,6,81,1584,1584,,12Kb,72Kb,96Kb,,1,LQFP100X-LV
gw1n1p5c-002,GW1N-UV1P5LQ100XC6/I5,GW1N,GW1N-1P5C,LQFP100X,UV,C6/I5,6,81,1584,1584,,12Kb,72Kb,96Kb,,1,LQFP100X-UV
gw1n1p5c-010,GW1N-LV1P5QN48XC6/I5,GW1N,GW1N-1P5C,QFN48X,LV,C6/I5,6,40,1584,1584,,12Kb,72Kb,96Kb,,1,QFN48X-LV
gw1n1p5c-011,GW1N-UV1P5QN48XC6/I5,GW1N,GW1N-1P5C,QFN48X,UV,C6/I5,6,40,1584,1584,,12Kb,72Kb,96Kb,,1,QFN48X-UV
gw1n1p5c-012,GW1N-LV1P5LQ100C6/I5,GW1N,GW1N-1P5C,LQFP100,LV,C6/I5,6,81,1584,1584,,12Kb,72Kb,96Kb,,1,LQFP100-LV
gw1n1p5c-014,GW1N-UV1P5LQ100C6/I5,GW1N,GW1N-1P5C,LQFP100,UV,C6/I5,6,81,1584,1584,,12Kb,72Kb,96Kb,,1,LQFP100-UV
gw1n1p5c-016,GW1N-UV1P5LQ100XC7/I6,GW1N,GW1N-1P5C,LQFP100X,UV,C7/I6,7,81,1584,1584,,12Kb,72Kb,96Kb,,1,LQFP100X-UV
gw1n1p5c-017,GW1N-UV1P5LQ100C7/I6,GW1N,GW1N-1P5C,LQFP100,UV,C7/I6,7,81,1584,1584,,12Kb,72Kb,96Kb,,1,LQFP100-UV
gw1n1p5c-018,GW1N-LV1P5QN48XC7/I6,GW1N,GW1N-1P5C,QFN48X,LV,C7/I6,7,40,1584,1584,,12Kb,72Kb,96Kb,,1,QFN48X-LV
gw1n1p5c-019,GW1N-UV1P5QN48XC7/I6,GW1N,GW1N-1P5C,QFN48X,UV,C7/I6,7,40,1584,1584,,12Kb,72Kb,96Kb,,1,QFN48X-UV
gw1n1p5c-020,GW1N-UV1P5QN48XFC7/I6,GW1N,GW1N-1P5C,QFN48XF,UV,C7/I6,7,40,1584,1584,,12Kb,72Kb,96Kb,,1,QFN48XF-UV
gw1n2-000,GW1N-LV2LQ100XC7/I6,GW1N,GW1N-2,LQFP100X,LV,C7/I6,7,81,2304,2016,,18Kb,72Kb,96Kb,,1,LQFP100X-LV
gw1n2-002,GW1N-LV2LQ144XC7/I6,GW1N,GW1N-2,LQFP144X,LV,C7/I6,7,114,2304,2016,,18Kb,72Kb,96Kb,,1,LQFP144X-LV
gw1n2-004,GW1N-LV2CS42C7/I6,GW1N,GW1N-2,WLCSP42,LV,C7/I6,7,25,2304,2016,,18Kb,72Kb,96Kb,,1,
gw1n2-005,GW1N-LV2MG132XC7/I6,GW1N,GW1N-2,MBGA132X,LV,C7/I6,7,105,2304,2016,,18Kb,72Kb,96Kb,,1,MBGA132X-LV
gw1n2-007,GW1N-LV2QN48C7/I6,GW1N,GW1N-2,QFN48,LV,C7/I6,7,41,2304,2016,,18Kb,72Kb,96Kb,,1,
gw1n2-010,GW1N-LV2LQ100XC6/I5,GW1N,GW1N-2,LQFP100X,LV,C6/I5,6,81,2304,2016,,18Kb,72Kb,96Kb,,1,LQFP100X-LV
gw1n2-011,GW1N-UV2LQ100XC6/I5,GW1N,GW1N-2,LQFP100X,UV,C6/I5,6,81,2304,2016,,18Kb,72Kb,96Kb,,1,LQFP100X-UV
gw1n2-012,GW1N-LV2LQ144XC6/I5,GW1N,GW1N-2,LQFP144X,LV,C6/I5,6,114,2304,2016,,18Kb,72Kb,96Kb,,1,LQFP144X-LV
gw1n2-013,GW1N-UV2LQ144XC6/I5,GW1N,GW1N-2,LQFP144X,UV,C6/I5,6,114,2304,2016,,18Kb,72Kb,96Kb,,1,LQFP144X-UV
gw1n2-014,GW1N-LV2CS42C6/I5,GW1N,GW1N-2,WLCSP42,LV,C6/I5,6,25,2304,2016,,18Kb,72Kb,96Kb,,1,
gw1n2-015,GW1N-LV2MG132XC6/I5,GW1N,GW1N-2,MBGA132X,LV,C6/I5,6,105,2304,2016,,18Kb,72Kb,96Kb,,1,MBGA132X-LV
gw1n2-016,GW1N-UV2MG132XC6/I5,GW1N,GW1N-2,MBGA132X,UV,C6/I5,6,105,2304,2016,,18Kb,72Kb,96Kb,,1,MBGA132X-UV
gw1n2-017,GW1N-LV2MG132C6/I5,GW1N,GW1N-2,MBGA132,LV,C6/I5,6,105,2304,2016,,18Kb,72Kb,96Kb,,1,MBGA132-LV
gw1n2-018,GW1N-UV2MG132C6/I5,GW1N,GW1N-2,MBGA132,UV,C6/I5,6,105,2304,2016,,18Kb,72Kb,96Kb,,1,MBGA132-UV
gw1n2-019,GW1N-LV2QN48C6/I5,GW1N,GW1N-2,QFN48,LV,C6/I5,6,41,2304,2016,,18Kb,72Kb,96Kb,,1,
gw1n2-020,GW1N-UV2QN48C6/I5,GW1N,GW1N-2,QFN48,UV,C6/I5,6,41,2304,2016,,18Kb,72Kb,96Kb,,1,
gw1n2-022,GW1N-LV2QN48EC7/I6,GW1N,GW1N-2,QFN48E,LV,C7/I6,7,27,2304,2016,,18Kb,72Kb,96Kb,,1,
gw1n2-023,GW1N-LV2MG132C7/I6,GW1N,GW1N-2,MBGA132,LV,C7/I6,7,105,2304,2016,,18Kb,72Kb,96Kb,,1,MBGA132-LV
gw1n2-025,GW1N-LV2QN48EC6/I5,GW1N,GW1N-2,QFN48E,LV,C6/I5,6,27,2304,2016,,18Kb,72Kb,96Kb,,1,
gw1n2-038,GW1N-LV2LQ100C7/I6,GW1N,GW1N-2,LQFP100,LV,C7/I6,7,81,2304,2016,,18Kb,72Kb,96Kb,,1,LQFP100-LV
gw1n2-041,GW1N-UV2LQ100C6/I5,GW1N,GW1N-2,LQFP100,UV,C6/I5,6,81,2304,2016,,18Kb,72Kb,96Kb,,1,LQFP100-UV
gw1n2-043,GW1N-LV2LQ144C7/I6,GW1N,GW1N-2,LQFP144,LV,C7/I6,7,114,2304,2016,,18Kb,72Kb,96Kb,,1,LQFP144-LV
gw1n2-044,GW1N-LV2LQ144C6/I5,GW1N,GW1N-2,LQFP144,LV,C6/I5,6,114,2304,2016,,18Kb,72Kb,96Kb,,1,LQFP144-LV
gw1n2-046,GW1N-UV2LQ144C6/I5,GW1N,GW1N-2,LQFP144,UV,C6/I5,6,114,2304,2016,,18Kb,72Kb,96Kb,,1,LQFP144-UV
gw1n2-053,GW1N-LV2MG132HC7/I6,GW1N,GW1N-2,MBGA132H,LV,C7/I6,7,95,2304,2016,,18Kb,72Kb,96Kb,,1,
gw1n2-054,GW1N-LV2QN48HC7/I6,GW1N,GW1N-2,QFN48H,LV,C7/I6,7,31,2304,2016,,18Kb,72Kb,96Kb,,1,
gw1n2-057,GW1N-LV2MG49C6/I5,GW1N,GW1N-2,MBGA49,LV,C6/I5,6,42,2304,2016,,18Kb,72Kb,96Kb,,1,
gw1n2-058,GW1N-UV2MG49C6/I5,GW1N,GW1N-2,MBGA49,UV,C6/I5,6,42,2304,2016,,18Kb,72Kb,96Kb,,1,
gw1n2-059,GW1N-LV2CS42HC7/I6,GW1N,GW1N-2,WLCSP42H,LV,C7/I6,7,21,2304,2016,,18Kb,72Kb,96Kb,,1,
gw1n2-060,GW1N-LV2LQ100C6/I5,GW1N,GW1N-2,LQFP100,LV,C6/I5,6,81,2304,2016,,18Kb,72Kb,96Kb,,1,LQFP100-LV
gw1n2b-000,GW1N-LV2QN48HC7/I6,GW1N,GW1N-2B,QFN48H,LV,C7/I6,7,31,2304,2016,,18Kb,72Kb,96Kb,,1,
gw1n2b-001,GW1N-LV2QN48C7/I6,GW1N,GW1N-2B,QFN48,LV,C7/I6,7,41,2304,2016,,18Kb,72Kb,96Kb,,1,
gw1n2b-002,GW1N-LV2QN48C6/I5,GW1N,GW1N-2B,QFN48,LV,C6/I5,6,41,2304,2016,,18Kb,72Kb,96Kb,,1,
gw1n2b-004,GW1N-LV2MG132XC7/I6,GW1N,GW1N-2B,MBGA132X,LV,C7/I6,7,105,2304,2016,,18Kb,72Kb,96Kb,,1,MBGA132X-LV
gw1n2b-005,GW1N-LV2MG132XC6/I5,GW1N,GW1N-2B,MBGA132X,LV,C6/I5,6,105,2304,2016,,18Kb,72Kb,96Kb,,1,MBGA132X-LV
gw1n2b-007,GW1N-LV2MG132HC7/I6,GW1N,GW1N-2B,MBGA132H,LV,C7/I6,7,95,2304,2016,,18Kb,72Kb,96Kb,,1,
gw1n2b-008,GW1N-LV2MG132C7/I6,GW1N,GW1N-2B,MBGA132,LV,C7/I6,7,105,2304,2016,,18Kb,72Kb,96Kb,,1,MBGA132-LV
gw1n2b-009,GW1N-LV2MG132C6/I5,GW1N,GW1N-2B,MBGA132,LV,C6/I5,6,105,2304,2016,,18Kb,72Kb,96Kb,,1,MBGA132-LV
gw1n2b-011,GW1N-LV2LQ144XC7/I6,GW1N,GW1N-2B,LQFP144X,LV,C7/I6,7,114,2304,2016,,18Kb,72Kb,96Kb,,1,LQFP144X-LV
gw1n2b-012,GW1N-LV2LQ144XC6/I5,GW1N,GW1N-2B,LQFP144X,LV,C6/I5,6,114,2304,2016,,18Kb,72Kb,96Kb,,1,LQFP144X-LV
gw1n2b-014,GW1N-LV2LQ144C7/I6,GW1N,GW1N-2B,LQFP144,LV,C7/I6,7,114,2304,2016,,18Kb,72Kb,96Kb,,1,LQFP144-LV
gw1n2b-015,GW1N-LV2LQ144C6/I5,GW1N,GW1N-2B,LQFP144,LV,C6/I5,6,114,2304,2016,,18Kb,72Kb,96Kb,,1,LQFP144-LV
gw1n2b-017,GW1N-LV2LQ100XC7/I6,GW1N,GW1N-2B,LQFP100X,LV,C7/I6,7,81,2304,2016,,18Kb,72Kb,96Kb,,1,LQFP100X-LV
gw1n2b-018,GW1N-LV2LQ100XC6/I5,GW1N,GW1N-2B,LQFP100X,LV,C6/I5,6,81,2304,2016,,18Kb,72Kb,96Kb,,1,LQFP100X-LV
gw1n2b-020,GW1N-LV2LQ100C7/I6,GW1N,GW1N-2B,LQFP100,LV,C7/I6,7,81,2304,2016,,18Kb,72Kb,96Kb,,1,LQFP100-LV
gw1n2b-021,GW1N-LV2LQ100C6/I5,GW1N,GW1N-2B,LQFP100,LV,C6/I5,6,81,2304,2016,,18Kb,72Kb,96Kb,,1,LQFP100-LV
gw1n2b-023,GW1N-LV2CS42C7/I6,GW1N,GW1N-2B,WLCSP42,LV,C7/I6,7,25,2304,2016,,18Kb,72Kb,96Kb,,1,
gw1n2b-024,GW1N-LV2CS42C6/I5,GW1N,GW1N-2B,WLCSP42,LV,C6/I5,6,25,2304,2016,,18Kb,72Kb,96Kb,,1,
gw1n2b-026,GW1N-UV2QN48C6/I5,GW1N,GW1N-2B,QFN48,UV,C6/I5,6,41,2304,2016,,18Kb,72Kb,96Kb,,1,
gw1n2b-028,GW1N-UV2MG132XC6/I5,GW1N,GW1N-2B,MBGA132X,UV,C6/I5,6,105,2304,2016,,18Kb,72Kb,96Kb,,1,MBGA132X-UV
gw1n2b-030,GW1N-UV2MG132C6/I5,GW1N,GW1N-2B,MBGA132,UV,C6/I5,6,105,2304,2016,,18Kb,72Kb,96Kb,,1,MBGA132-UV
gw1n2b-032,GW1N-UV2LQ144XC6/I5,GW1N,GW1N-2B,LQFP144X,UV,C6/I5,6,114,2304,2016,,18Kb,72Kb,96Kb,,1,LQFP144X-UV
gw1n2b-034,GW1N-UV2LQ144C6/I5,GW1N,GW1N-2B,LQFP144,UV,C6/I5,6,114,2304,2016,,18Kb,72Kb,96Kb,,1,LQFP144-UV
gw1n2b-036,GW1N-UV2LQ100XC6/I5,GW1N,GW1N-2B,LQFP100X,UV,C6/I5,6,81,2304,2016,,18Kb,72Kb,96Kb,,1,LQFP100X-UV
gw1n2b-038,GW1N-UV2LQ100C6/I5,GW1N,GW1N-2B,LQFP100,UV,C6/I5,6,81,2304,2016,,18Kb,72Kb,96Kb,,1,LQFP100-UV
gw1n2b-040,GW1N-LV2MG121XC7/I6,GW1N,GW1N-2B,MBGA121X,LV,C7/I6,7,101,2304,2016,,18Kb,72Kb,96Kb,,1,MBGA121X-LV
gw1n2b-041,GW1N-LV2MG121XC6/I5,GW1N,GW1N-2B,MBGA121X,LV,C6/I5,6,101,2304,2016,,18Kb,72Kb,96Kb,,1,MBGA121X-LV
gw1n2b-043,GW1N-UV2MG121XC6/I5,GW1N,GW1N-2B,MBGA121X,UV,C6/I5,6,101,2304,2016,,18Kb,72Kb,96Kb,,1,MBGA121X-UV
gw1n2b-045,GW1N-LV2MG121C7/I6,GW1N,GW1N-2B,MBGA121,LV,C7/I6,7,101,2304,2016,,18Kb,72Kb,96Kb,,1,MBGA121-LV
gw1n2b-046,GW1N-LV2MG121C6/I5,GW1N,GW1N-2B,MBGA121,LV,C6/I5,6,101,2304,2016,,18Kb,72Kb,96Kb,,1,MBGA121-LV
gw1n2b-048,GW1N-UV2MG121C6/I5,GW1N,GW1N-2B,MBGA121,UV,C6/I5,6,101,2304,2016,,18Kb,72Kb,96Kb,,1,MBGA121-UV
gw1n2b-052,GW1N-LV2CS100HC7/I6,GW1N,GW1N-2B,WLCSP100H,LV,C7/I6,7,79,2304,2016,,18Kb,72Kb,96Kb,,1,
gw1n2b-053,GW1N-LV2LQ144FC6/I5,GW1N,GW1N-2B,LQFP144F,LV,C6/I5,6,116,2304,2016,,18Kb,72Kb,96Kb,,1,LQFP144F-LV
gw1n2b-054,GW1N-UV2LQ100XC7/I6,GW1N,GW1N-2B,LQFP100X,UV,C7/I6,7,81,2304,2016,,18Kb,72Kb,96Kb,,1,LQFP100X-UV
gw1n2b-055,GW1N-UV2LQ100C7/I6,GW1N,GW1N-2B,LQFP100,UV,C7/I6,7,81,2304,2016,,18Kb,72Kb,96Kb,,1,LQFP100-UV
gw1n2b-056,GW1N-UV2LQ144XC7/I6,GW1N,GW1N-2B,LQFP144X,UV,C7/I6,7,114,2304,2016,,18Kb,72Kb,96Kb,,1,LQFP144X-UV
gw1n2b-057,GW1N-UV2LQ144C7/I6,GW1N,GW1N-2B,LQFP144,UV,C7/I6,7,114,2304,2016,,18Kb,72Kb,96Kb,,1,LQFP144-UV
gw1n2b-058,GW1N-UV2MG132XC7/I6,GW1N,GW1N-2B,MBGA132X,UV,C7/I6,7,105,2304,2016,,18Kb,72Kb,96Kb,,1,MBGA132X-UV
gw1n2b-059,GW1N-UV2MG132C7/I6,GW1N,GW1N-2B,MBGA132,UV,C7/I6,7,105,2304,2016,,18Kb,72Kb,96Kb,,1,MBGA132-UV
gw1n2b-060,GW1N-UV2MG121XC7/I6,GW1N,GW1N-2B,MBGA121X,UV,C7/I6,7,101,2304,2016,,18Kb,72Kb,96Kb,,1,MBGA121X-UV
gw1n2b-061,GW1N-UV2MG121C7/I6,GW1N,GW1N-2B,MBGA121,UV,C7/I6,7,101,2304,2016,,18Kb,72Kb,96Kb,,1,MBGA121-UV
gw1n2b-062,GW1N-UV2QN48C7/I6,GW1N,GW1N-2B,QFN48,UV,C7/I6,7,41,2304,2016,,18Kb,72Kb,96Kb,,1,
gw1n2b-063,GW1N-LV2LQ144FC7/I6,GW1N,GW1N-2B,LQFP144F,LV,C7/I6,7,116,2304,2016,,18Kb,72Kb,96Kb,,1,LQFP144F-LV
gw1n2b-064,GW1N-LV2CS100HC6/I5,GW1N,GW1N-2B,WLCSP100H,LV,C6/I5,6,79,2304,2016,,18Kb,72Kb,96Kb,,1,
gw1n2c-000,GW1N-LV2LQ100XC6/I5,GW1N,GW1N-2C,LQFP100X,LV,C6/I5,6,81,2304,2016,,18Kb,72Kb,96Kb,,1,LQFP100X-LV
gw1n2c-004,GW1N-UV2LQ100XC6/I5,GW1N,GW1N-2C,LQFP100X,UV,C6/I5,6,81,2304,2016,,18Kb,72Kb,96Kb,,1,LQFP100X-UV
gw1n2c-008,GW1N-LV2LQ144XC6/I5,GW1N,GW1N-2C,LQFP144X,LV,C6/I5,6,114,2304,2016,,18Kb,72Kb,96Kb,,1,LQFP144X-LV
gw1n2c-012,GW1N-UV2LQ144XC6/I5,GW1N,GW1N-2C,LQFP144X,UV,C6/I5,6,114,2304,2016,,18Kb,72Kb,96Kb,,1,LQFP144X-UV
gw1n2c-016,GW1N-LV2CS42C7/I6,GW1N,GW1N-2C,WLCSP42,LV,C7/I6,7,25,2304,2016,,18Kb,72Kb,96Kb,,1,
gw1n2c-017,GW1N-LV2MG132XC6/I5,GW1N,GW1N-2C,MBGA132X,LV,C6/I5,6,105,2304,2016,,18Kb,72Kb,96Kb,,1,MBGA132X-LV
gw1n2c-019,GW1N-UV2MG132XC6/I5,GW1N,GW1N-2C,MBGA132X,UV,C6/I5,6,105,2304,2016,,18Kb,72Kb,96Kb,,1,MBGA132X-UV
gw1n2c-025,GW1N-LV2MG121XC6/I5,GW1N,GW1N-2C,MBGA121X,LV,C6/I5,6,101,2304,2016,,18Kb,72Kb,96Kb,,1,MBGA121X-LV
gw1n2c-027,GW1N-UV2MG121XC6/I5,GW1N,GW1N-2C,MBGA121X,UV,C6/I5,6,101,2304,2016,,18Kb,72Kb,96Kb,,1,MBGA121X-UV
gw1n2c-033,GW1N-LV2QN48C6/I5,GW1N,GW1N-2C,QFN48,LV,C6/I5,6,41,2304,2016,,18Kb,72Kb,96Kb,,1,
gw1n2c-035,GW1N-UV2QN48C6/I5,GW1N,GW1N-2C,QFN48,UV,C6/I5,6,41,2304,2016,,18Kb,72Kb,96Kb,,1,
gw1n2c-037,GW1N-LV2QN48HC7/I6,GW1N,GW1N-2C,QFN48H,LV,C7/I6,7,31,2304,2016,,18Kb,72Kb,96Kb,,1,
gw1n2c-038,GW1N-LV2MG132HC7/I6,GW1N,GW1N-2C,MBGA132H,LV,C7/I6,7,95,2304,2016,,18Kb,72Kb,96Kb,,1,
gw1n2c-039,GW1N-LV2MG49C6/I5,GW1N,GW1N-2C,MBGA49,LV,C6/I5,6,42,2304,2016,,18Kb,72Kb,96Kb,,1,
gw1n2c-040,GW1N-UV2MG49C6/I5,GW1N,GW1N-2C,MBGA49,UV,C6/I5,6,42,2304,2016,,18Kb,72Kb,96Kb,,1,
gw1n2c-042,GW1N-LV2QN88C7/I6,GW1N,GW1N-2C,QFN88,LV,C7/I6,7,58,2304,2016,,18Kb,72Kb,96Kb,,1,QFN88-LV
gw1n2c-044,GW1N-LV2QN32XC6/I5,GW1N,GW1N-2C,QFN32X,LV,C6/I5,6,22,2304,2016,,18Kb,72Kb,96Kb,,1,QFN32X-LV
gw1n2c-045,GW1N-UV2QN32XC6/I5,GW1N,GW1N-2C,QFN32X,UV,C6/I5,6,22,2304,2016,,18Kb,72Kb,96Kb,,1,QFN32X-UV
gw1n2c-047,GW1N-LV2LQ100C6/I5,GW1N,GW1N-2C,LQFP100,LV,C6/I5,6,81,2304,2016,,18Kb,72Kb,96Kb,,1,LQFP100-LV
gw1n2c-049,GW1N-UV2LQ100C6/I5,GW1N,GW1N-2C,LQFP100,UV,C6/I5,6,81,2304,2016,,18Kb,72Kb,96Kb,,1,LQFP100-UV
gw1n2c-051,GW1N-LV2LQ144C6/I5,GW1N,GW1N-2C,LQFP144,LV,C6/I5,6,114,2304,2016,,18Kb,72Kb,96Kb,,1,LQFP144-LV
gw1n2c-053,GW1N-UV2LQ144C6/I5,GW1N,GW1N-2C,LQFP144,UV,C6/I5,6,114,2304,2016,,18Kb,72Kb,96Kb,,1,LQFP144-UV
gw1n2c-055,GW1N-LV2MG132C6/I5,GW1N,GW1N-2C,MBGA132,LV,C6/I5,6,105,2304,2016,,18Kb,72Kb,96Kb,,1,MBGA132-LV
gw1n2c-057,GW1N-UV2MG132C6/I5,GW1N,GW1N-2C,MBGA132,UV,C6/I5,6,105,2304,2016,,18Kb,72Kb,96Kb,,1,MBGA132-UV
gw1n2c-059,GW1N-LV2MG121C6/I5,GW1N,GW1N-2C,MBGA121,LV,C6/I5,6,101,2304,2016,,18Kb,72Kb,96Kb,,1,MBGA121-LV
gw1n2c-061,GW1N-UV2MG121C6/I5,GW1N,GW1N-2C,MBGA121,UV,C6/I5,6,101,2304,2016,,18Kb,72Kb,96Kb,,1,MBGA121-UV
gw1n2c-063,GW1N-LV2QN32C6/I5,GW1N,GW1N-2C,QFN32,LV,C6/I5,6,22,2304,2016,,18Kb,72Kb,96Kb,,1,QFN32-LV
gw1n2c-064,GW1N-UV2QN32C6/I5,GW1N,GW1N-2C,QFN32,UV,C6/I5,6,22,2304,2016,,18Kb,72Kb,96Kb,,1,QFN32-UV
gw1n2c-065,GW1N-LV2CS100HC7/I6,GW1N,GW1N-2C,WLCSP100H,LV,C7/I6,7,79,2304,2016,,18Kb,72Kb,96Kb,,1,
gw1n2c-066,GW1N-LV2LQ144FC6/I5,GW1N,GW1N-2C,LQFP144F,LV,C6/I5,6,116,2304,2016,,18Kb,72Kb,96Kb,,1,LQFP144F-LV
gw1n2c-067,GW1N-UV2QN88C7/I6,GW1N,GW1N-2C,QFN88,UV,C7/I6,7,58,2304,2016,,18Kb,72Kb,96Kb,,1,QFN88-UV
gw1n2c-068,GW1N-LV2LQ100XC7/I6,GW1N,GW1N-2C,LQFP100X,LV,C7/I6,7,81,2304,2016,,18Kb,72Kb,96Kb,,1,LQFP100X-LV
gw1n2c-069,GW1N-LV2LQ100C7/I6,GW1N,GW1N-2C,LQFP100,LV,C7/I6,7,81,2304,2016,,18Kb,72Kb,96Kb,,1,LQFP100-LV
gw1n2c-070,GW1N-UV2LQ100XC7/I6,GW1N,GW1N-2C,LQFP100X,UV,C7/I6,7,81,2304,2016,,18Kb,72Kb,96Kb,,1,LQFP100X-UV
gw1n2c-071,GW1N-UV2LQ100C7/I6,GW1N,GW1N-2C,LQFP100,UV,C7/I6,7,81,2304,2016,,18Kb,72Kb,96Kb,,1,LQFP100-UV
gw1n2c-072,GW1N-LV2LQ144XC7/I6,GW1N,GW1N-2C,LQFP144X,LV,C7/I6,7,114,2304,2016,,18Kb,72Kb,96Kb,,1,LQFP144X-LV
gw1n2c-073,GW1N-LV2LQ144C7/I6,GW1N,GW1N-2C,LQFP144,LV,C7/I6,7,114,2304,2016,,18Kb,72Kb,96Kb,,1,LQFP144-LV
gw1n2c-074,GW1N-UV2LQ144XC7/I6,GW1N,GW1N-2C,LQFP144X,UV,C7/I6,7,114,2304,2016,,18Kb,72Kb,96Kb,,1,LQFP144X-UV
gw1n2c-075,GW1N-UV2LQ144C7/I6,GW1N,GW1N-2C,LQFP144,UV,C7/I6,7,114,2304,2016,,18Kb,72Kb,96Kb,,1,LQFP144-UV
gw1n2c-076,GW1N-LV2MG132XC7/I6,GW1N,GW1N-2C,MBGA132X,LV,C7/I6,7,105,2304,2016,,18Kb,72Kb,96Kb,,1,MBGA132X-LV
gw1n2c-077,GW1N-LV2MG132C7/I6,GW1N,GW1N-2C,MBGA132,LV,C7/I6,7,105,2304,2016,,18Kb,72Kb,96Kb,,1,MBGA132-LV
gw1n2c-078,GW1N-UV2MG132XC7/I6,GW1N,GW1N-2C,MBGA132X,UV,C7/I6,7,105,2304,2016,,18Kb,72Kb,96Kb,,1,MBGA132X-UV
gw1n2c-079,GW1N-UV2MG132C7/I6,GW1N,GW1N-2C,MBGA132,UV,C7/I6,7,105,2304,2016,,18Kb,72Kb,96Kb,,1,MBGA132-UV
gw1n2c-080,GW1N-LV2MG121XC7/I6,GW1N,GW1N-2C,MBGA121X,LV,C7/I6,7,101,2304,2016,,18Kb,72Kb,96Kb,,1,MBGA121X-LV
gw1n2c-081,GW1N-LV2MG121C7/I6,GW1N,GW1N-2C,MBGA121,LV,C7/I6,7,101,2304,2016,,18Kb,72Kb,96Kb,,1,MBGA121-LV
gw1n2c-082,GW1N-UV2MG121XC7/I6,GW1N,GW1N-2C,MBGA121X,UV,C7/I6,7,101,2304,2016,,18Kb,72Kb,96Kb,,1,MBGA121X-UV
gw1n2c-083,GW1N-UV2MG121C7/I6,GW1N,GW1N-2C,MBGA121,UV,C7/I6,7,101,2304,2016,,18Kb,72Kb,96Kb,,1,MBGA121-UV
gw1n2c-084,GW1N-LV2QN48C7/I6,GW1N,GW1N-2C,QFN48,LV,C7/I6,7,41,2304,2016,,18Kb,72Kb,96Kb,,1,
gw1n2c-085,GW1N-UV2QN48C7/I6,GW1N,GW1N-2C,QFN48,UV,C7/I6,7,41,2304,2016,,18Kb,72Kb,96Kb,,1,
gw1n2c-086,GW1N-LV2MG49C7/I6,GW1N,GW1N-2C,MBGA49,LV,C7/I6,7,42,2304,2016,,18Kb,72Kb,96Kb,,1,
gw1n2c-087,GW1N-UV2MG49C7/I6,GW1N,GW1N-2C,MBGA49,UV,C7/I6,7,42,2304,2016,,18Kb,72Kb,96Kb,,1,
gw1n2c-088,GW1N-LV2QN32XC7/I6,GW1N,GW1N-2C,QFN32X,LV,C7/I6,7,22,2304,2016,,18Kb,72Kb,96Kb,,1,QFN32X-LV
gw1n2c-089,GW1N-UV2QN32XC7/I6,GW1N,GW1N-2C,QFN32X,UV,C7/I6,7,22,2304,2016,,18Kb,72Kb,96Kb,,1,QFN32X-UV
gw1n2c-090,GW1N-LV2QN32C7/I6,GW1N,GW1N-2C,QFN32,LV,C7/I6,7,22,2304,2016,,18Kb,72Kb,96Kb,,1,QFN32-LV
gw1n2c-091,GW1N-UV2QN32C7/I6,GW1N,GW1N-2C,QFN32,UV,C7/I6,7,22,2304,2016,,18Kb,72Kb,96Kb,,1,QFN32-UV
gw1n2c-092,GW1N-LV2LQ144FC7/I6,GW1N,GW1N-2C,LQFP144F,LV,C7/I6,7,116,2304,2016,,18Kb,72Kb,96Kb,,1,LQFP144F-LV
gw1n2c-093,GW1N-LV2QN88A5,GW1N,GW1N-2C,QFN88,LV,A5,5,58,2304,2016,,18Kb,72Kb,96Kb,,1,QFN88-LV
gw1n2c-094,GW1N-LV2CS100HC6/I5,GW1N,GW1N-2C,WLCSP100H,LV,C6/I5,6,79,2304,2016,,18Kb,72Kb,96Kb,,1,
gw1nr2-000,GW1NR-LV2MG49PC7/I6,GW1NR,GW1NR-2,MBGA49P,LV,C7/I6,7,30,2304,2016,,18Kb,72Kb,96Kb,,1,
gw1nr2-002,GW1NR-LV2MG49PGC7/I6,GW1NR,GW1NR-2,MBGA49PG,LV,C7/I6,7,30,2304,2016,,18Kb,72Kb,96Kb,,1,
gw1nr2-004,GW1NR-LV2MG49GC7/I6,GW1NR,GW1NR-2,MBGA49G,LV,C7/I6,7,30,2304,2016,,18Kb,72Kb,96Kb,,1,
gw1nr2-006,GW1NR-LV2MG49PC6/I5,GW1NR,GW1NR-2,MBGA49P,LV,C6/I5,6,30,2304,2016,,18Kb,72Kb,96Kb,,1,
gw1nr2-007,GW1NR-UV2MG49PC6/I5,GW1NR,GW1NR-2,MBGA49P,UV,C6/I5,6,30,2304,2016,,18Kb,72Kb,96Kb,,1,
gw1nr2-008,GW1NR-LV2MG49PGC6/I5,GW1NR,GW1NR-2,MBGA49PG,LV,C6/I5,6,30,2304,2016,,18Kb,72Kb,96Kb,,1,
gw1nr2-009,GW1NR-UV2MG49PGC6/I5,GW1NR,GW1NR-2,MBGA49PG,UV,C6/I5,6,30,2304,2016,,18Kb,72Kb,96Kb,,1,
gw1nr2-010,GW1NR-UV2MG49GC6/I5,GW1NR,GW1NR-2,MBGA49G,UV,C6/I5,6,30,2304,2016,,18Kb,72Kb,96Kb,,1,
gw1nr2-017,GW1NR-LV2MG49GC6/I5,GW1NR,GW1NR-2,MBGA49G,LV,C6/I5,6,30,2304,2016,,18Kb,72Kb,96Kb,,1,
gw1nr2b-000,GW1NR-UV2MG49PGC6/I5,GW1NR,GW1NR-2B,MBGA49PG,UV,C6/I5,6,30,2304,2016,,18Kb,72Kb,96Kb,,1,
gw1nr2b-002,GW1NR-UV2MG49PC6/I5,GW1NR,GW1NR-2B,MBGA49P,UV,C6/I5,6,30,2304,2016,,18Kb,72Kb,96Kb,,1,
gw1nr2b-004,GW1NR-UV2MG49GC6/I5,GW1NR,GW1NR-2B,MBGA49G,UV,C6/I5,6,30,2304,2016,,18Kb,72Kb,96Kb,,1,
gw1nr2b-006,GW1NR-LV2MG49PGC7/I6,GW1NR,GW1NR-2B,MBGA49PG,LV,C7/I6,7,30,2304,2016,,18Kb,72Kb,96Kb,,1,
gw1nr2b-007,GW1NR-LV2MG49PGC6/I5,GW1NR,GW1NR-2B,MBGA49PG,LV,C6/I5,6,30,2304,2016,,18Kb,72Kb,96Kb,,1,
gw1nr2b-009,GW1NR-LV2MG49PC7/I6,GW1NR,GW1NR-2B,MBGA49P,LV,C7/I6,7,30,2304,2016,,18Kb,72Kb,96Kb,,1,
gw1nr2b-010,GW1NR-LV2MG49PC6/I5,GW1NR,GW1NR-2B,MBGA49P,LV,C6/I5,6,30,2304,2016,,18Kb,72Kb,96Kb,,1,
gw1nr2b-012,GW1NR-LV2MG49GC7/I6,GW1NR,GW1NR-2B,MBGA49G,LV,C7/I6,7,30,2304,2016,,18Kb,72Kb,96Kb,,1,
gw1nr2b-013,GW1NR-LV2MG49GC6/I5,GW1NR,GW1NR-2B,MBGA49G,LV,C6/I5,6,30,2304,2016,,18Kb,72Kb,96Kb,,1,
gw1nr2c-000,GW1NR-UV2MG49PGC6/I5,GW1NR,GW1NR-2C,MBGA49PG,UV,C6/I5,6,30,2304,2016,,18Kb,72Kb,96Kb,,1,
gw1nr2c-002,GW1NR-UV2MG49PC6/I5,GW1NR,GW1NR-2C,MBGA49P,UV,C6/I5,6,30,2304,2016,,18Kb,72Kb,96Kb,,1,
gw1nr2c-004,GW1NR-UV2MG49GC6/I5,GW1NR,GW1NR-2C,MBGA49G,UV,C6/I5,6,30,2304,2016,,18Kb,72Kb,96Kb,,1,
gw1nr2c-006,GW1NR-LV2MG49PGC6/I5,GW1NR,GW1NR-2C,MBGA49PG,LV,C6/I5,6,30,2304,2016,,18Kb,72Kb,96Kb,,1,
gw1nr2c-008,GW1NR-LV2MG49PC6/I5,GW1NR,GW1NR-2C,MBGA49P,LV,C6/I5,6,30,2304,2016,,18Kb,72Kb,96Kb,,1,
gw1nr2c-010,GW1NR-LV2MG49GC6/I5,GW1NR,GW1NR-2C,MBGA49G,LV,C6/I5,6,30,2304,2016,,18Kb,72Kb,96Kb,,1,
gw1nz2b-000,GW1NZ-ZV2CS100HI3,GW1NZ,GW1NZ-2B,WLCSP100H,ZV,I3,3,79,2304,2016,,18Kb,72Kb,96Kb,,1,
gw1nz2b-001,GW1NZ-ZV2CS100HI2,GW1NZ,GW1NZ-2B,WLCSP100H,ZV,I2,2,79,2304,2016,,18Kb,72Kb,96Kb,,1,
gw1nz2b-002,GW1NZ-ZV2QN48I3,GW1NZ,GW1NZ-2B,QFN48,ZV,I3,3,41,2304,2016,,18Kb,72Kb,96Kb,,1,
gw1nz2b-003,GW1NZ-ZV2QN48I2,GW1NZ,GW1NZ-2B,QFN48,ZV,I2,2,41,2304,2016,,18Kb,72Kb,96Kb,,1,
gw1nz2c-000,GW1NZ-ZV2CS100HI3,GW1NZ,GW1NZ-2C,WLCSP100H,ZV,I3,3,79,2304,2016,,18Kb,72Kb,96Kb,,1,
gw1nz2c-001,GW1NZ-ZV2CS100HI2,GW1NZ,GW1NZ-2C,WLCSP100H,ZV,I2,2,79,2304,2016,,18Kb,72Kb,96Kb,,1,
gw1nz2c-002,GW1NZ-ZV2QN48I3,GW1NZ,GW1NZ-2C,QFN48,ZV,I3,3,41,2304,2016,,18Kb,72Kb,96Kb,,1,
gw1nz2c-003,GW1NZ-ZV2QN48I2,GW1NZ,GW1NZ-2C,QFN48,ZV,I2,2,41,2304,2016,,18Kb,72Kb,96Kb,,1,
gw1nz2c-005,GW1NZ-LV2CS42C6/I5,GW1NZ,GW1NZ-2C,WLCSP42,LV,C6/I5,6,35,2304,2016,,18Kb,72Kb,96Kb,,1,
gw1nz2c-006,GW1NZ-LV2CS42C5/I4,GW1NZ,GW1NZ-2C,WLCSP42,LV,C5/I4,5,35,2304,2016,,18Kb,72Kb,96Kb,,1,
gw1n4-000,GW1N-LV4QN32C6/I5,GW1N,GW1N-4,QFN32,LV,C6/I5,6,24,4608,3456,,,180Kb,256Kb,4,2,
gw1n4-002,GW1N-LV4QN48C6/I5,GW1N,GW1N-4,QFN48,LV,C6/I5,6,41,4608,3456,,,180Kb,256Kb,4,2,
gw1n4-004,GW1N-LV4QN88C6/I5,GW1N,GW1N-4,QFN88,LV,C6/I5,6,71,4608,3456,,,180Kb,256Kb,4,2,
gw1n4-006,GW1N-LV4QN88A4,GW1N,GW1N-4,QFN88,LV,A4,4,71,4608,3456,,,180Kb,256Kb,4,2,
gw1n4-007,GW1N-LV4CS72C6/I5,GW1N,GW1N-4,WLCSP72,LV,C6/I5,6,58,4608,3456,,,180Kb,256Kb,4,2,
gw1n4-008,GW1N-LV4CS72C5/I4,GW1N,GW1N-4,WLCSP72,LV,C5/I4,5,58,4608,3456,,,180Kb,256Kb,4,2,
gw1n4-009,GW1N-LV4LQ100C6/I5,GW1N,GW1N-4,LQFP100,LV,C6/I5,6,80,4608,3456,,,180Kb,256Kb,4,2,
gw1n4-010,GW1N-LV4LQ100C5/I4,GW1N,GW1N-4,LQFP100,LV,C5/I4,5,80,4608,3456,,,180Kb,256Kb,4,2,
gw1n4-011,GW1N-LV4LQ144C6/I5,GW1N,GW1N-4,LQFP144,LV,C6/I5,6,120,4608,3456,,,180Kb,256Kb,4,2,
gw1n4-013,GW1N-LV4MG160C6/I5,GW1N,GW1N-4,MBGA160,LV,C6/I5,6,132,4608,3456,,,180Kb,256Kb,4,2,
gw1n4-015,GW1N-LV4PG256C6/I5,GW1N,GW1N-4,PBGA256,LV,C6/I5,6,208,4608,3456,,,180Kb,256Kb,4,2,
gw1n4-017,GW1N-LV4PG256MC6/I5,GW1N,GW1N-4,PBGA256M,LV,C6/I5,6,208,4608,3456,,,180Kb,256Kb,4,2,
gw1n4-019,GW1N-UV4QN32C6/I5,GW1N,GW1N-4,QFN32,UV,C6/I5,6,24,4608,3456,,,180Kb,256Kb,4,2,
gw1n4-021,GW1N-UV4QN48C6/I5,GW1N,GW1N-4,QFN48,UV,C6/I5,6,41,4608,3456,,,180Kb,256Kb,4,2,
gw1n4-023,GW1N-UV4QN88C6/I5,GW1N,GW1N-4,QFN88,UV,C6/I5,6,71,4608,3456,,,180Kb,256Kb,4,2,
gw1n4-025,GW1N-UV4QN88A4,GW1N,GW1N-4,QFN88,UV,A4,4,71,4608,3456,,,180Kb,256Kb,4,2,
gw1n4-026,GW1N-UV4CS72C6/I5,GW1N,GW1N-4,WLCSP72,UV,C6/I5,6,58,4608,3456,,,180Kb,256Kb,4,2,
gw1n4-027,GW1N-UV4CS72C5/I4,GW1N,GW1N-4,WLCSP72,UV,C5/I4,5,58,4608,3456,,,180Kb,256Kb,4,2,
gw1n4-028,GW1N-UV4LQ100C6/I5,GW1N,GW1N-4,LQFP100,UV,C6/I5,6,80,4608,3456,,,180Kb,256Kb,4,2,
gw1n4-030,GW1N-UV4LQ144C6/I5,GW1N,GW1N-4,LQFP144,UV,C6/I5,6,120,4608,3456,,,180Kb,256Kb,4,2,
gw1n4-032,GW1N-UV4MG160C6/I5,GW1N,GW1N-4,MBGA160,UV,C6/I5,6,132,4608,3456,,,180Kb,256Kb,4,2,
gw1n4-034,GW1N-UV4PG256C6/I5,GW1N,GW1N-4,PBGA256,UV,C6/I5,6,208,4608,3456,,,180Kb,256Kb,4,2,
gw1n4-036,GW1N-UV4PG256MC6/I5,GW1N,GW1N-4,PBGA256M,UV,C6/I5,6,208,4608,3456,,,180Kb,256Kb,4,2,
gw1n4b-000,GW1N-LV4QN32C6/I5,GW1N,GW1N-4B,QFN32,LV,C6/I5,6,24,4608,3456,,,180Kb,256Kb,4,2,
gw1n4b-002,GW1N-LV4QN48C6/I5,GW1N,GW1N-4B,QFN48,LV,C6/I5,6,41,4608,3456,,,180Kb,256Kb,4,2,
gw1n4b-004,GW1N-LV4QN88C6/I5,GW1N,GW1N-4B,QFN88,LV,C6/I5,6,71,4608,3456,,,180Kb,256Kb,4,2,
gw1n4b-006,GW1N-LV4QN88A4,GW1N,GW1N-4B,QFN88,LV,A4,4,71,4608,3456,,,180Kb,256Kb,4,2,
gw1n4b-007,GW1N-LV4CS72C6/I5,GW1N,GW1N-4B,WLCSP72,LV,C6/I5,6,58,4608,3456,,,180Kb,256Kb,4,2,
gw1n4b-008,GW1N-LV4CS72C5/I4,GW1N,GW1N-4B,WLCSP72,LV,C5/I4,5,58,4608,3456,,,180Kb,256Kb,4,2,
gw1n4b-009,GW1N-LV4LQ100C6/I5,GW1N,GW1N-4B,LQFP100,LV,C6/I5,6,80,4608,3456,,,180Kb,256Kb,4,2,
gw1n4b-010,GW1N-LV4LQ100C5/I4,GW1N,GW1N-4B,LQFP100,LV,C5/I4,5,80,4608,3456,,,180Kb,256Kb,4,2,
gw1n4b-011,GW1N-LV4LQ144C6/I5,GW1N,GW1N-4B,LQFP144,LV,C6/I5,6,120,4608,3456,,,180Kb,256Kb,4,2,
gw1n4b-013,GW1N-LV4MG160C6/I5,GW1N,GW1N-4B,MBGA160,LV,C6/I5,6,132,4608,3456,,,180Kb,256Kb,4,2,
gw1n4b-015,GW1N-LV4PG256C6/I5,GW1N,GW1N-4B,PBGA256,LV,C6/I5,6,208,4608,3456,,,180Kb,256Kb,4,2,
gw1n4b-017,GW1N-LV4PG256MC6/I5,GW1N,GW1N-4B,PBGA256M,LV,C6/I5,6,208,4608,3456,,,180Kb,256Kb,4,2,
gw1n4b-019,GW1N-UV4QN32C6/I5,GW1N,GW1N-4B,QFN32,UV,C6/I5,6,24,4608,3456,,,180Kb,256Kb,4,2,
gw1n4b-021,GW1N-UV4QN48C6/I5,GW1N,GW1N-4B,QFN48,UV,C6/I5,6,41,4608,3456,,,180Kb,256Kb,4,2,
gw1n4b-023,GW1N-UV4QN88C6/I5,GW1N,GW1N-4B,QFN88,UV,C6/I5,6,71,4608,3456,,,180Kb,256Kb,4,2,
gw1n4b-025,GW1N-UV4QN88A4,GW1N,GW1N-4B,QFN88,UV,A4,4,71,4608,3456,,,180Kb,256Kb,4,2,
gw1n4b-026,GW1N-UV4CS72C6/I5,GW1N,GW1N-4B,WLCSP72,UV,C6/I5,6,58,4608,3456,,,180Kb,256Kb,4,2,
gw1n4b-027,GW1N-UV4CS72C5/I4,GW1N,GW1N-4B,WLCSP72,UV,C5/I4,5,58,4608,3456,,,180Kb,256Kb,4,2,
gw1n4b-028,GW1N-UV4LQ100C6/I5,GW1N,GW1N-4B,LQFP100,UV,C6/I5,6,80,4608,3456,,,180Kb,256Kb,4,2,
gw1n4b-030,GW1N-UV4LQ144C6/I5,GW1N,GW1N-4B,LQFP144,UV,C6/I5,6,120,4608,3456,,,180Kb,256Kb,4,2,
gw1n4b-032,GW1N-UV4MG160C6/I5,GW1N,GW1N-4B,MBGA160,UV,C6/I5,6,132,4608,3456,,,180Kb,256Kb,4,2,
gw1n4b-034,GW1N-UV4PG256C6/I5,GW1N,GW1N-4B,PBGA256,UV,C6/I5,6,208,4608,3456,,,180Kb,256Kb,4,2,
gw1n4b-036,GW1N-UV4PG256MC6/I5,GW1N,GW1N-4B,PBGA256M,UV,C6/I5,6,208,4608,3456,,,180Kb,256Kb,4,2,
gw1n4b-038,GW1N-UV4MG132XES,GW1N,GW1N-4B,MBGA132X,UV,ES,5,106,4608,3456,,,180Kb,256Kb,4,2,
gw1n4b-039,GW1N-UV4MG132XC6/I5,GW1N,GW1N-4B,MBGA132X,UV,C6/I5,6,106,4608,3456,,,180Kb,256Kb,4,2,
gw1n4b-041,GW1N-LV4MG132XES,GW1N,GW1N-4B,MBGA132X,LV,ES,5,106,4608,3456,,,180Kb,256Kb,4,2,
gw1n4b-042,GW1N-LV4MG132XC6/I5,GW1N,GW1N-4B,MBGA132X,LV,C6/I5,6,106,4608,3456,,,180Kb,256Kb,4,2,
gw1n4d-000,GW1N-LV4QN32C7/I6,GW1N,GW1N-4D,QFN32,LV,C7/I6,7,24,4608,3456,,,180Kb,256Kb,4,2,
gw1n4d-001,GW1N-LV4QN32C6/I5,GW1N,GW1N-4D,QFN32,LV,C6/I5,6,24,4608,3456,,,180Kb,256Kb,4,2,
gw1n4d-003,GW1N-UV4QN32C7/I6,GW1N,GW1N-4D,QFN32,UV,C7/I6,7,24,4608,3456,,,180Kb,256Kb,4,2,
gw1n4d-004,GW1N-UV4QN32C6/I5,GW1N,GW1N-4D,QFN32,UV,C6/I5,6,24,4608,3456,,,180Kb,256Kb,4,2,
gw1n4d-006,GW1N-LV4QN48C7/I6,GW1N,GW1N-4D,QFN48,LV,C7/I6,7,41,4608,3456,,,180Kb,256Kb,4,2,
gw1n4d-007,GW1N-LV4QN48C6/I5,GW1N,GW1N-4D,QFN48,LV,C6/I5,6,41,4608,3456,,,180Kb,256Kb,4,2,
gw1n4d-009,GW1N-UV4QN48C7/I6,GW1N,GW1N-4D,QFN48,UV,C7/I6,7,41,4608,3456,,,180Kb,256Kb,4,2,
gw1n4d-010,GW1N-UV4QN48C6/I5,GW1N,GW1N-4D,QFN48,UV,C6/I5,6,41,4608,3456,,,180Kb,256Kb,4,2,
gw1n4d-012,GW1N-LV4QN88C7/I6,GW1N,GW1N-4D,QFN88,LV,C7/I6,7,71,4608,3456,,,180Kb,256Kb,4,2,
gw1n4d-013,GW1N-LV4QN88C6/I5,GW1N,GW1N-4D,QFN88,LV,C6/I5,6,71,4608,3456,,,180Kb,256Kb,4,2,
gw1n4d-015,GW1N-UV4QN88C7/I6,GW1N,GW1N-4D,QFN88,UV,C7/I6,7,71,4608,3456,,,180Kb,256Kb,4,2,
gw1n4d-016,GW1N-UV4QN88C6/I5,GW1N,GW1N-4D,QFN88,UV,C6/I5,6,71,4608,3456,,,180Kb,256Kb,4,2,
gw1n4d-018,GW1N-UV4CS72C7/I6,GW1N,GW1N-4D,WLCSP72,UV,C7/I6,7,58,4608,3456,,,180Kb,256Kb,4,2,
gw1n4d-019,GW1N-UV4CS72C6/I5,GW1N,GW1N-4D,WLCSP72,UV,C6/I5,6,58,4608,3456,,,180Kb,256Kb,4,2,
gw1n4d-020,GW1N-UV4CS72C5/I4,GW1N,GW1N-4D,WLCSP72,UV,C5/I4,5,58,4608,3456,,,180Kb,256Kb,4,2,
gw1n4d-021,GW1N-LV4CS72C7/I6,GW1N,GW1N-4D,WLCSP72,LV,C7/I6,7,58,4608,3456,,,180Kb,256Kb,4,2,
gw1n4d-022,GW1N-LV4CS72C6/I5,GW1N,GW1N-4D,WLCSP72,LV,C6/I5,6,58,4608,3456,,,180Kb,256Kb,4,2,
gw1n4d-023,GW1N-LV4CS72C5/I4,GW1N,GW1N-4D,WLCSP72,LV,C5/I4,5,58,4608,3456,,,180Kb,256Kb,4,2,
gw1n4d-024,GW1N-UV4LQ100C7/I6,GW1N,GW1N-4D,LQFP100,UV,C7/I6,7,80,4608,3456,,,180Kb,256Kb,4,2,
gw1n4d-025,GW1N-UV4LQ100C6/I5,GW1N,GW1N-4D,LQFP100,UV,C6/I5,6,80,4608,3456,,,180Kb,256Kb,4,2,
gw1n4d-027,GW1N-LV4LQ100C7/I6,GW1N,GW1N-4D,LQFP100,LV,C7/I6,7,80,4608,3456,,,180Kb,256Kb,4,2,
gw1n4d-028,GW1N-LV4LQ100C6/I5,GW1N,GW1N-4D,LQFP100,LV,C6/I5,6,80,4608,3456,,,180Kb,256Kb,4,2,
gw1n4d-029,GW1N-LV4LQ100C5/I4,GW1N,GW1N-4D,LQFP100,LV,C5/I4,5,80,4608,3456,,,180Kb,256Kb,4,2,
gw1n4d-030,GW1N-UV4LQ144C7/I6,GW1N,GW1N-4D,LQFP144,UV,C7/I6,7,120,4608,3456,,,180Kb,256Kb,4,2,
gw1n4d-031,GW1N-UV4LQ144C6/I5,GW1N,GW1N-4D,LQFP144,UV,C6/I5,6,120,4608,3456,,,180Kb,256Kb,4,2,
gw1n4d-033,GW1N-LV4LQ144C7/I6,GW1N,GW1N-4D,LQFP144,LV,C7/I6,7,120,4608,3456,,,180Kb,256Kb,4,2,
gw1n4d-034,GW1N-LV4LQ144C6/I5,GW1N,GW1N-4D,LQFP144,LV,C6/I5,6,120,4608,3456,,,180Kb,256Kb,4,2,
gw1n4d-036,GW1N-LV4MG132XC7/I6,GW1N,GW1N-4D,MBGA132X,LV,C7/I6,7,106,4608,3456,,,180Kb,256Kb,4,2,
gw1n4d-037,GW1N-LV4MG132XC6/I5,GW1N,GW1N-4D,MBGA132X,LV,C6/I5,6,106,4608,3456,,,180Kb,256Kb,4,2,
gw1n4d-039,GW1N-UV4MG132XC7/I6,GW1N,GW1N-4D,MBGA132X,UV,C7/I6,7,106,4608,3456,,,180Kb,256Kb,4,2,
gw1n4d-040,GW1N-UV4MG132XC6/I5,GW1N,GW1N-4D,MBGA132X,UV,C6/I5,6,106,4608,3456,,,180Kb,256Kb,4,2,
gw1n4d-042,GW1N-UV4MG160C7/I6,GW1N,GW1N-4D,MBGA160,UV,C7/I6,7,132,4608,3456,,,180Kb,256Kb,4,2,
gw1n4d-043,GW1N-UV4MG160C6/I5,GW1N,GW1N-4D,MBGA160,UV,C6/I5,6,132,4608,3456,,,180Kb,256Kb,4,2,
gw1n4d-045,GW1N-LV4MG160C7/I6,GW1N,GW1N-4D,MBGA160,LV,C7/I6,7,132,4608,3456,,,180Kb,256Kb,4,2,
gw1n4d-046,GW1N-LV4MG160C6/I5,GW1N,GW1N-4D,MBGA160,LV,C6/I5,6,132,4608,3456,,,180Kb,256Kb,4,2,
gw1n4d-048,GW1N-UV4PG256C7/I6,GW1N,GW1N-4D,PBGA256,UV,C7/I6,7,208,4608,3456,,,180Kb,256Kb,4,2,
gw1n4d-049,GW1N-UV4PG256C6/I5,GW1N,GW1N-4D,PBGA256,UV,C6/I5,6,208,4608,3456,,,180Kb,256Kb,4,2,
gw1n4d-051,GW1N-LV4PG256C7/I6,GW1N,GW1N-4D,PBGA256,LV,C7/I6,7,208,4608,3456,,,180Kb,256Kb,4,2,
gw1n4d-052,GW1N-LV4PG256C6/I5,GW1N,GW1N-4D,PBGA256,LV,C6/I5,6,208,4608,3456,,,180Kb,256Kb,4,2,
gw1n4d-054,GW1N-LV4PG256MC7/I6,GW1N,GW1N-4D,PBGA256M,LV,C7/I6,7,208,4608,3456,,,180Kb,256Kb,4,2,
gw1n4d-055,GW1N-LV4PG256MC6/I5,GW1N,GW1N-4D,PBGA256M,LV,C6/I5,6,208,4608,3456,,,180Kb,256Kb,4,2,
gw1n4d-057,GW1N-UV4PG256MC7/I6,GW1N,GW1N-4D,PBGA256M,UV,C7/I6,7,208,4608,3456,,,180Kb,256Kb,4,2,
gw1n4d-058,GW1N-UV4PG256MC6/I5,GW1N,GW1N-4D,PBGA256M,UV,C6/I5,6,208,4608,3456,,,180Kb,256Kb,4,2,
gw1n4d-060,GW1N-LV4QN88A4,GW1N,GW1N-4D,QFN88,LV,A4,4,71,4608,3456,,,180Kb,256Kb,4,2,
gw1n4d-061,GW1N-UV4QN88A4,GW1N,GW1N-4D,QFN88,UV,A4,4,71,4608,3456,,,180Kb,256Kb,4,2,
gw1n4d-063,GW1N-UV4UG169C6/I5,GW1N,GW1N-4D,UBGA169,UV,C6/I5,6,130,4608,3456,,,180Kb,256Kb,4,2,
gw1nr4-000,GW1NR-LV4QN88C6/I5,GW1NR,GW1NR-4,QFN88,LV,C6/I5,6,71,4608,3456,,,180Kb,256Kb,4,2,
gw1nr4-002,GW1NR-UV4QN88C6/I5,GW1NR,GW1NR-4,QFN88,UV,C6/I5,6,71,4608,3456,,,180Kb,256Kb,4,2,
gw1nr4-008,GW1NR-LV4MG81PC6/I5,GW1NR,GW1NR-4,MBGA81P,LV,C6/I5,6,69,4608,3456,,,180Kb,256Kb,4,2,
gw1nr4-009,GW1NR-UV4MG81PC6/I5,GW1NR,GW1NR-4,MBGA81P,UV,C6/I5,6,69,4608,3456,,,180Kb,256Kb,4,2,
gw1nr4b-000,GW1NR-LV4QN88C6/I5,GW1NR,GW1NR-4B,QFN88,LV,C6/I5,6,71,4608,3456,,,180Kb,256Kb,4,2,
gw1nr4b-002,GW1NR-UV4QN88C6/I5,GW1NR,GW1NR-4B,QFN88,UV,C6/I5,6,71,4608,3456,,,180Kb,256Kb,4,2,
gw1nr4b-008,GW1NR-LV4MG81PC6/I5,GW1NR,GW1NR-4B,MBGA81P,LV,C6/I5,6,69,4608,3456,,,180Kb,256Kb,4,2,
gw1nr4b-009,GW1NR-UV4MG81PC6/I5,GW1NR,GW1NR-4B,MBGA81P,UV,C6/I5,6,69,4608,3456,,,180Kb,256Kb,4,2,
gw1nr4b-012,GW1NR-LV4QN88PC6/I5,GW1NR,GW1NR-4B,QFN88P,LV,C6/I5,6,71,4608,3456,,,180Kb,256Kb,4,2,
gw1nr4b-014,GW1NR-LV4QN88PES,GW1NR,GW1NR-4B,QFN88P,LV,ES,5,71,4608,3456,,,180Kb,256Kb,4,2,
gw1nr4b-015,GW1NR-UV4QN88PES,GW1NR,GW1NR-4B,QFN88P,UV,ES,5,71,4608,3456,,,180Kb,256Kb,4,2,
gw1nr4b-016,GW1NR-UV4QN88PC6/I5,GW1NR,GW1NR-4B,QFN88P,UV,C6/I5,6,71,4608,3456,,,180Kb,256Kb,4,2,
gw1nr4d-000,GW1NR-LV4QN88C7/I6,GW1NR,GW1NR-4D,QFN88,LV,C7/I6,7,71,4608,3456,,,180Kb,256Kb,4,2,
gw1nr4d-001,GW1NR-LV4QN88C6/I5,GW1NR,GW1NR-4D,QFN88,LV,C6/I5,6,71,4608,3456,,,180Kb,256Kb,4,2,
gw1nr4d-003,GW1NR-UV4QN88C7/I6,GW1NR,GW1NR-4D,QFN88,UV,C7/I6,7,71,4608,3456,,,180Kb,256Kb,4,2,
gw1nr4d-004,GW1NR-UV4QN88C6/I5,GW1NR,GW1NR-4D,QFN88,UV,C6/I5,6,71,4608,3456,,,180Kb,256Kb,4,2,
gw1nr4d-006,GW1NR-LV4QN88PC7/I6,GW1NR,GW1NR-4D,QFN88P,LV,C7/I6,7,71,4608,3456,,,180Kb,256Kb,4,2,
gw1nr4d-007,GW1NR-LV4QN88PC6/I5,GW1NR,GW1NR-4D,QFN88P,LV,C6/I5,6,71,4608,3456,,,180Kb,256Kb,4,2,
gw1nr4d-009,GW1NR-UV4QN88PC7/I6,GW1NR,GW1NR-4D,QFN88P,UV,C7/I6,7,71,4608,3456,,,180Kb,256Kb,4,2,
gw1nr4d-010,GW1NR-UV4QN88PC6/I5,GW1NR,GW1NR-4D,QFN88P,UV,C6/I5,6,71,4608,3456,,,180Kb,256Kb,4,2,
gw1nr4d-012,GW1NR-LV4MG81PC7/I6,GW1NR,GW1NR-4D,MBGA81P,LV,C7/I6,7,69,4608,3456,,,180Kb,256Kb,4,2,
gw1nr4d-013,GW1NR-UV4MG81PC7/I6,GW1NR,GW1NR-4D,MBGA81P,UV,C7/I6,7,69,4608,3456,,,180Kb,256Kb,4,2,
gw1nr4d-014,GW1NR-LV4MG81PC6/I5,GW1NR,GW1NR-4D,MBGA81P,LV,C6/I5,6,69,4608,3456,,,180Kb,256Kb,4,2,
gw1nr4d-015,GW1NR-UV4MG81PC6/I5,GW1NR,GW1NR-4D,MBGA81P,UV,C6/I5,6,69,4608,3456,,,180Kb,256Kb,4,2,
gw1ns4-001,GW1NS-LV4QN48C6/I5,GW1NS,GW1NS-4,QFN48,LV,C6/I5,6,39,4608,3456,,,180Kb,256Kb,4,2,
gw1ns4-003,GW1NS-LV4CS49C6/I5,GW1NS,GW1NS-4,WLCSP49,LV,C6/I5,6,42,4608,3456,,,180Kb,256Kb,4,2,
gw1ns4-004,GW1NS-LV4CS49C5/I4,GW1NS,GW1NS-4,WLCSP49,LV,C5/I4,5,42,4608,3456,,,180Kb,256Kb,4,2,
gw1ns4-007,GW1NS-LV4QN48C7/I6,GW1NS,GW1NS-4,QFN48,LV,C7/I6,7,39,4608,3456,,,180Kb,256Kb,4,2,
gw1ns4-008,GW1NS-LV4CS49C7/I6,GW1NS,GW1NS-4,WLCSP49,LV,C7/I6,7,42,4608,3456,,,180Kb,256Kb,4,2,
gw1ns4-009,GW1NS-LV4MG64C7/I6,GW1NS,GW1NS-4,MBGA64,LV,C7/I6,7,56,4608,3456,,,180Kb,256Kb,4,2,
gw1ns4-010,GW1NS-LV4MG64C6/I5,GW1NS,GW1NS-4,MBGA64,LV,C6/I5,6,56,4608,3456,,,180Kb,256Kb,4,2,
gw1ns4-012,GW1NS-LV4QN32C6/I5,GW1NS,GW1NS-4,QFN32,LV,C6/I5,6,23,4608,3456,,,180Kb,256Kb,4,2,
gw1ns4c-000,GW1NS-LV4CQN48C6/I5,GW1NS,GW1NS-4C,QFN48,LV,C6/I5,6,39,4608,3456,,,180Kb,,4,2,
gw1ns4c-002,GW1NS-LV4CQN48ES,GW1NS,GW1NS-4C,QFN48,LV,ES,5,39,4608,3456,,,180Kb,,4,2,
gw1ns4c-003,GW1NS-LV4CCS49C6/I5,GW1NS,GW1NS-4C,WLCSP49,LV,C6/I5,6,42,4608,3456,,,180Kb,,4,2,
gw1ns4c-004,GW1NS-LV4CCS49C5/I4,GW1NS,GW1NS-4C,WLCSP49,LV,C5/I4,5,42,4608,3456,,,180Kb,,4,2,
gw1ns4c-007,GW1NS-LV4CQN48C7/I6,GW1NS,GW1NS-4C,QFN48,LV,C7/I6,7,39,4608,3456,,,180Kb,,4,2,
gw1ns4c-008,GW1NS-LV4CCS49C7/I6,GW1NS,GW1NS-4C,WLCSP49,LV,C7/I6,7,42,4608,3456,,,180Kb,,4,2,
gw1ns4c-009,GW1NS-LV4CMG64C7/I6,GW1NS,GW1NS-4C,MBGA64,LV,C7/I6,7,56,4608,3456,,,180Kb,,4,2,
gw1ns4c-010,GW1NS-LV4CMG64C6/I5,GW1NS,GW1NS-4C,MBGA64,LV,C6/I5,6,56,4608,3456,,,180Kb,,4,2,
gw1ns4c-014,GW1NS-LV4CLQ144C7/I6,GW1NS,GW1NS-4C,LQFP144,LV,C7/I6,7,82,4608,3456,,,180Kb,,4,2,
gw1nsr4-002,GW1NSR-LV4MG64PC6/I5,GW1NSR,GW1NSR-4,MBGA64P,LV,C6/I5,6,56,4608,3456,,,180Kb,256Kb,4,2,
gw1nsr4-006,GW1NSR-LV4MG64PC7/I6,GW1NSR,GW1NSR-4,MBGA64P,LV,C7/I6,7,56,4608,3456,,,180Kb,256Kb,4,2,
gw1nsr4c-000,GW1NSR-LV4CQN48PC6/I5,GW1NSR,GW1NSR-4C,QFN48P,LV,C6/I5,6,39,4608,3456,,,180Kb,,4,2,
gw1nsr4c-001,GW1NSR-LV4CQN48GC6/I5,GW1NSR,GW1NSR-4C,QFN48G,LV,C6/I5,6,39,4608,3456,,,180Kb,,4,2,
gw1nsr4c-002,GW1NSR-LV4CMG64PC6/I5,GW1NSR,GW1NSR-4C,MBGA64P,LV,C6/I5,6,56,4608,3456,,,180Kb,,4,2,
gw1nsr4c-009,GW1NSR-LV4CQN48PC7/I6,GW1NSR,GW1NSR-4C,QFN48P,LV,C7/I6,7,39,4608,3456,,,180Kb,,4,2,
gw1nsr4c-010,GW1NSR-LV4CQN48GC7/I6,GW1NSR,GW1NSR-4C,QFN48G,LV,C7/I6,7,39,4608,3456,,,180Kb,,4,2,
gw1nsr4c-011,GW1NSR-LV4CMG64PC7/I6,GW1NSR,GW1NSR-4C,MBGA64P,LV,C7/I6,7,56,4608,3456,,,180Kb,,4,2,
gw1nser4c-000,GW1NSER-LV4CQN48PC6/I5,GW1NSER,GW1NSER-4C,QFN48P,LV,C6/I5,6,39,4608,3456,,,180Kb,,4,2,
gw1nser4c-001,GW1NSER-LV4CQN48GC6/I5,GW1NSER,GW1NSER-4C,QFN48G,LV,C6/I5,6,39,4608,3456,,,180Kb,,4,2,
gw1nser4c-006,GW1NSER-LV4CQN48PC7/I6,GW1NSER,GW1NSER-4C,QFN48P,LV,C7/I6,7,39,4608,3456,,,180Kb,,4,2,
gw1nser4c-007,GW1NSER-LV4CQN48GC7/I6,GW1NSER,GW1NSER-4C,QFN48G,LV,C7/I6,7,39,4608,3456,,,180Kb,,4,2,
gw1nrf4b-000,GW1NRF-UV4BQN48C6/I5,GW1NRF,GW1NRF-4B,QFN48,UV,C6/I5,6,26,4608,3456,,,180Kb,256Kb,4,2,
gw1nrf4b-001,GW1NRF-LV4BQN48C6/I5,GW1NRF,GW1NRF-4B,QFN48,LV,C6/I5,6,26,4608,3456,,,180Kb,256Kb,4,2,
gw1nrf4b-004,GW1NRF-LV4BQN48EC6/I5,GW1NRF,GW1NRF-4B,QFN48E,LV,C6/I5,6,26,4608,3456,,,180Kb,256Kb,4,2,
gw1n9-000,GW1N-LV9QN48C6/I5,GW1N,GW1N-9,QFN48,LV,C6/I5,6,41,8640,6480,,16Kb,468Kb,608Kb,5,2,
gw1n9-002,GW1N-LV9CM64C6/I5,GW1N,GW1N-9,WLCSP64,LV,C6/I5,6,56,8640,6480,,16Kb,468Kb,608Kb,5,2,
gw1n9-004,GW1N-LV9QN88C6/I5,GW1N,GW1N-9,QFN88,LV,C6/I5,6,71,8640,6480,,16Kb,468Kb,608Kb,5,2,
gw1n9-006,GW1N-LV9LQ100C6/I5,GW1N,GW1N-9,LQFP100,LV,C6/I5,6,80,8640,6480,,16Kb,468Kb,608Kb,5,2,
gw1n9-008,GW1N-LV9LQ144C6/I5,GW1N,GW1N-9,LQFP144,LV,C6/I5,6,121,8640,6480,,16Kb,468Kb,608Kb,5,2,
gw1n9-010,GW1N-LV9LQ176C6/I5,GW1N,GW1N-9,LQFP176,LV,C6/I5,6,148,8640,6480,,16Kb,468Kb,608Kb,5,2,
gw1n9-012,GW1N-LV9MG160C6/I5,GW1N,GW1N-9,MBGA160,LV,C6/I5,6,132,8640,6480,,16Kb,468Kb,608Kb,5,2,
gw1n9-014,GW1N-LV9PG256C6/I5,GW1N,GW1N-9,PBGA256,LV,C6/I5,6,208,8640,6480,,16Kb,468Kb,608Kb,5,2,
gw1n9-016,GW1N-LV9UG332C6/I5,GW1N,GW1N-9,UBGA332,LV,C6/I5,6,274,8640,6480,,16Kb,468Kb,608Kb,5,2,
gw1n9-018,GW1N-UV9QN48C6/I5,GW1N,GW1N-9,QFN48,UV,C6/I5,6,41,8640,6480,,16Kb,468Kb,608Kb,5,2,
gw1n9-022,GW1N-UV9QN88C6/I5,GW1N,GW1N-9,QFN88,UV,C6/I5,6,71,8640,6480,,16Kb,468Kb,608Kb,5,2,
gw1n9-024,GW1N-UV9LQ100C6/I5,GW1N,GW1N-9,LQFP100,UV,C6/I5,6,80,8640,6480,,16Kb,468Kb,608Kb,5,2,
gw1n9-026,GW1N-UV9LQ144C6/I5,GW1N,GW1N-9,LQFP144,UV,C6/I5,6,121,8640,6480,,16Kb,468Kb,608Kb,5,2,
gw1n9-028,GW1N-UV9LQ176C6/I5,GW1N,GW1N-9,LQFP176,UV,C6/I5,6,148,8640,6480,,16Kb,468Kb,608Kb,5,2,
gw1n9-030,GW1N-UV9MG160C6/I5,GW1N,GW1N-9,MBGA160,UV,C6/I5,6,132,8640,6480,,16Kb,468Kb,608Kb,5,2,
gw1n9-032,GW1N-UV9PG256C6/I5,GW1N,GW1N-9,PBGA256,UV,C6/I5,6,208,8640,6480,,16Kb,468Kb,608Kb,5,2,
gw1n9-034,GW1N-UV9UG332C6/I5,GW1N,GW1N-9,UBGA332,UV,C6/I5,6,274,8640,6480,,16Kb,468Kb,608Kb,5,2,
gw1n9-036,GW1N-LV9UG256C6/I5,GW1N,GW1N-9,UBGA256,LV,C6/I5,6,208,8640,6480,,16Kb,468Kb,608Kb,5,2,
gw1n9-037,GW1N-UV9UG256C6/I5,GW1N,GW1N-9,UBGA256,UV,C6/I5,6,208,8640,6480,,16Kb,468Kb,608Kb,5,2,
gw1n9-040,GW1N-LV9LQ176ES,GW1N,GW1N-9,LQFP176,LV,ES,5,148,8640,6480,,16Kb,468Kb,608Kb,5,2,
gw1n9-041,GW1N-UV9LQ176ES,GW1N,GW1N-9,LQFP176,UV,ES,5,148,8640,6480,,16Kb,468Kb,608Kb,5,2,
gw1n9-042,GW1N-LV9EQ144ES,GW1N,GW1N-9,eLQFP144,LV,ES,5,121,8640,6480,,16Kb,468Kb,608Kb,5,2,
gw1n9-044,GW1N-LV9EQ144C6/I5,GW1N,GW1N-9,eLQFP144,LV,C6/I5,6,121,8640,6480,,16Kb,468Kb,608Kb,5,2,
gw1n9-045,GW1N-UV9EQ144ES,GW1N,GW1N-9,eLQFP144,UV,ES,5,121,8640,6480,,16Kb,468Kb,608Kb,5,2,
gw1n9-047,GW1N-UV9EQ144C6/I5,GW1N,GW1N-9,eLQFP144,UV,C6/I5,6,121,8640,6480,,16Kb,468Kb,608Kb,5,2,
gw1n9-049,GW1N-LV9MG196C6/I5,GW1N,GW1N-9,MBGA196,LV,C6/I5,6,114,8640,6480,,16Kb,468Kb,608Kb,5,2,
gw1n9-051,GW1N-LV9UG169C6/I5,GW1N,GW1N-9,UBGA169,LV,C6/I5,6,130,8640,6480,,16Kb,468Kb,608Kb,5,2,
gw1n9-053,GW1N-LV9EQ176C6/I5,GW1N,GW1N-9,eLQFP176,LV,C6/I5,6,148,8640,6480,,16Kb,468Kb,608Kb,5,2,
gw1n9-055,GW1N-UV9EQ176C6/I5,GW1N,GW1N-9,eLQFP176,UV,C6/I5,6,148,8640,6480,,16Kb,468Kb,608Kb,5,2,
gw1n9-060,GW1N-UV9UG169C6/I5,GW1N,GW1N-9,UBGA169,UV,C6/I5,6,130,8640,6480,,16Kb,468Kb,608Kb,5,2,
gw1n9-062,GW1N-UV9MG196C6/I5,GW1N,GW1N-9,MBGA196,UV,C6/I5,6,114,8640,6480,,16Kb,468Kb,608Kb,5,2,
gw1n9-064,GW1N-LV9CS81MC6/I5,GW1N,GW1N-9,WLCSP81M,LV,C6/I5,6,56,8640,6480,,16Kb,468Kb,608Kb,5,2,
gw1n9c-000,GW1N-LV9QN48C6/I5,GW1N,GW1N-9C,QFN48,LV,C6/I5,6,41,8640,6480,,16Kb,468Kb,608Kb,5,2,
gw1n9c-003,GW1N-UV9QN48C6/I5,GW1N,GW1N-9C,QFN48,UV,C6/I5,6,41,8640,6480,,16Kb,468Kb,608Kb,5,2,
gw1n9c-005,GW1N-LV9CM64C6/I5,GW1N,GW1N-9C,WLCSP64,LV,C6/I5,6,56,8640,6480,,16Kb,468Kb,608Kb,5,2,
gw1n9c-009,GW1N-LV9QN88C6/I5,GW1N,GW1N-9C,QFN88,LV,C6/I5,6,71,8640,6480,,16Kb,468Kb,608Kb,5,2,
gw1n9c-011,GW1N-UV9QN88C6/I5,GW1N,GW1N-9C,QFN88,UV,C6/I5,6,71,8640,6480,,16Kb,468Kb,608Kb,5,2,
gw1n9c-013,GW1N-LV9LQ100C6/I5,GW1N,GW1N-9C,LQFP100,LV,C6/I5,6,80,8640,6480,,16Kb,468Kb,608Kb,5,2,
gw1n9c-015,GW1N-UV9LQ100C6/I5,GW1N,GW1N-9C,LQFP100,UV,C6/I5,6,80,8640,6480,,16Kb,468Kb,608Kb,5,2,
gw1n9c-017,GW1N-LV9LQ144C6/I5,GW1N,GW1N-9C,LQFP144,LV,C6/I5,6,121,8640,6480,,16Kb,468Kb,608Kb,5,2,
gw1n9c-019,GW1N-UV9LQ144C6/I5,GW1N,GW1N-9C,LQFP144,UV,C6/I5,6,121,8640,6480,,16Kb,468Kb,608Kb,5,2,
gw1n9c-022,GW1N-LV9EQ144C6/I5,GW1N,GW1N-9C,eLQFP144,LV,C6/I5,6,121,8640,6480,,16Kb,468Kb,608Kb,5,2,
gw1n9c-024,GW1N-UV9EQ144C6/I5,GW1N,GW1N-9C,eLQFP144,UV,C6/I5,6,121,8640,6480,,16Kb,468Kb,608Kb,5,2,
gw1n9c-025,GW1N-LV9LQ176C6/I5,GW1N,GW1N-9C,LQFP176,LV,C6/I5,6,148,8640,6480,,16Kb,468Kb,608Kb,5,2,
gw1n9c-027,GW1N-UV9LQ176C6/I5,GW1N,GW1N-9C,LQFP176,UV,C6/I5,6,148,8640,6480,,16Kb,468Kb,608Kb,5,2,
gw1n9c-029,GW1N-LV9EQ176C6/I5,GW1N,GW1N-9C,eLQFP176,LV,C6/I5,6,148,8640,6480,,16Kb,468Kb,608Kb,5,2,
gw1n9c-031,GW1N-UV9EQ176C6/I5,GW1N,GW1N-9C,eLQFP176,UV,C6/I5,6,148,8640,6480,,16Kb,468Kb,608Kb,5,2,
gw1n9c-034,GW1N-LV9MG160C6/I5,GW1N,GW1N-9C,MBGA160,LV,C6/I5,6,132,8640,6480,,16Kb,468Kb,608Kb,5,2,
gw1n9c-036,GW1N-UV9MG160C6/I5,GW1N,GW1N-9C,MBGA160,UV,C6/I5,6,132,8640,6480,,16Kb,468Kb,608Kb,5,2,
gw1n9c-038,GW1N-UV9UG169C6/I5,GW1N,GW1N-9C,UBGA169,UV,C6/I5,6,130,8640,6480,,16Kb,468Kb,608Kb,5,2,
gw1n9c-040,GW1N-LV9UG169C6/I5,GW1N,GW1N-9C,UBGA169,LV,C6/I5,6,130,8640,6480,,16Kb,468Kb,608Kb,5,2,
gw1n9c-042,GW1N-LV9MG196C6/I5,GW1N,GW1N-9C,MBGA196,LV,C6/I5,6,114,8640,6480,,16Kb,468Kb,608Kb,5,2,
gw1n9c-044,GW1N-UV9MG196C6/I5,GW1N,GW1N-9C,MBGA196,UV,C6/I5,6,114,8640,6480,,16Kb,468Kb,608Kb,5,2,
gw1n9c-046,GW1N-LV9PG256C6/I5,GW1N,GW1N-9C,PBGA256,LV,C6/I5,6,208,8640,6480,,16Kb,468Kb,608Kb,5,2,
gw1n9c-048,GW1N-UV9PG256C6/I5,GW1N,GW1N-9C,PBGA256,UV,C6/I5,6,208,8640,6480,,16Kb,468Kb,608Kb,5,2,
gw1n9c-050,GW1N-LV9UG332C6/I5,GW1N,GW1N-9C,UBGA332,LV,C6/I5,6,274,8640,6480,,16Kb,468Kb,608Kb,5,2,
gw1n9c-052,GW1N-UV9UG332C6/I5,GW1N,GW1N-9C,UBGA332,UV,C6/I5,6,274,8640,6480,,16Kb,468Kb,608Kb,5,2,
gw1n9c-054,GW1N-LV9UG256C6/I5,GW1N,GW1N-9C,UBGA256,LV,C6/I5,6,208,8640,6480,,16Kb,468Kb,608Kb,5,2,
gw1n9c-055,GW1N-UV9UG256C6/I5,GW1N,GW1N-9C,UBGA256,UV,C6/I5,6,208,8640,6480,,16Kb,468Kb,608Kb,5,2,
gw1n9c-058,GW1N-LV9CS81MC6/I5,GW1N,GW1N-9C,WLCSP81M,LV,C6/I5,6,56,8640,6480,,16Kb,468Kb,608Kb,5,2,
gw1n9c-063,GW1N-UV9UG169ES,GW1N,GW1N-9C,UBGA169,UV,ES,5,130,8640,6480,,16Kb,468Kb,608Kb,5,2,
gw1n9c-064,GW1N-UV9UG256ES,GW1N,GW1N-9C,UBGA256,UV,ES,5,208,8640,6480,,16Kb,468Kb,608Kb,5,2,
gw1n9c-065,GW1N-LV9QN88ES,GW1N,GW1N-9C,QFN88,LV,ES,5,71,8640,6480,,16Kb,468Kb,608Kb,5,2,
gw1n9c-066,GW1N-UV9QN88ES,GW1N,GW1N-9C,QFN88,UV,ES,5,71,8640,6480,,16Kb,468Kb,608Kb,5,2,
gw1n9c-067,GW1N-UV9EQ144ES,GW1N,GW1N-9C,eLQFP144,UV,ES,5,121,8640,6480,,16Kb,468Kb,608Kb,5,2,
gw1n9c-068,GW1N-UV9LQ144ES,GW1N,GW1N-9C,LQFP144,UV,ES,5,121,8640,6480,,16Kb,468Kb,608Kb,5,2,
gw1n9c-069,GW1N-LV9QN48C7/I6,GW1N,GW1N-9C,QFN48,LV,C7/I6,7,41,8640,6480,,16Kb,468Kb,608Kb,5,2,
gw1n9c-071,GW1N-LV9CM64C7/I6,GW1N,GW1N-9C,WLCSP64,LV,C7/I6,7,56,8640,6480,,16Kb,468Kb,608Kb,5,2,
gw1n9c-073,GW1N-LV9QN88C7/I6,GW1N,GW1N-9C,QFN88,LV,C7/I6,7,71,8640,6480,,16Kb,468Kb,608Kb,5,2,
gw1n9c-075,GW1N-LV9LQ100C7/I6,GW1N,GW1N-9C,LQFP100,LV,C7/I6,7,80,8640,6480,,16Kb,468Kb,608Kb,5,2,
gw1n9c-077,GW1N-LV9LQ144C7/I6,GW1N,GW1N-9C,LQFP144,LV,C7/I6,7,121,8640,6480,,16Kb,468Kb,608Kb,5,2,
gw1n9c-081,GW1N-LV9LQ176C7/I6,GW1N,GW1N-9C,LQFP176,LV,C7/I6,7,148,8640,6480,,16Kb,468Kb,608Kb,5,2,
gw1n9c-083,GW1N-LV9EQ176C7/I6,GW1N,GW1N-9C,eLQFP176,LV,C7/I6,7,148,8640,6480,,16Kb,468Kb,608Kb,5,2,
gw1n9c-085,GW1N-LV9MG160C7/I6,GW1N,GW1N-9C,MBGA160,LV,C7/I6,7,132,8640,6480,,16Kb,468Kb,608Kb,5,2,
gw1n9c-087,GW1N-LV9UG169C7/I6,GW1N,GW1N-9C,UBGA169,LV,C7/I6,7,130,8640,6480,,16Kb,468Kb,608Kb,5,2,
gw1n9c-089,GW1N-LV9MG196C7/I6,GW1N,GW1N-9C,MBGA196,LV,C7/I6,7,114,8640,6480,,16Kb,468Kb,608Kb,5,2,
gw1n9c-091,GW1N-LV9PG256C7/I6,GW1N,GW1N-9C,PBGA256,LV,C7/I6,7,208,8640,6480,,16Kb,468Kb,608Kb,5,2,
gw1n9c-093,GW1N-LV9UG332C7/I6,GW1N,GW1N-9C,UBGA332,LV,C7/I6,7,274,8640,6480,,16Kb,468Kb,608Kb,5,2,
gw1n9c-095,GW1N-LV9UG256C7/I6,GW1N,GW1N-9C,UBGA256,LV,C7/I6,7,208,8640,6480,,16Kb,468Kb,608Kb,5,2,
gw1n9c-097,GW1N-LV9CS81MC7/I6,GW1N,GW1N-9C,WLCSP81M,LV,C7/I6,7,56,8640,6480,,16Kb,468Kb,608Kb,5,2,
gw1n9c-098,GW1N-LV9MG100C7/I6,GW1N,GW1N-9C,MBGA100,LV,C7/I6,7,88,8640,6480,,16Kb,468Kb,608Kb,5,2,
gw1n9c-099,GW1N-LV9MG100C6/I5,GW1N,GW1N-9C,MBGA100,LV,C6/I5,6,88,8640,6480,,16Kb,468Kb,608Kb,5,2,
gw1n9c-101,GW1N-LV9MG100ES,GW1N,GW1N-9C,MBGA100,LV,ES,5,88,8640,6480,,16Kb,468Kb,608Kb,5,2,
gw1n9c-102,GW1N-LV9QN48FC7/I6,GW1N,GW1N-9C,QFN48F,LV,C7/I6,7,40,8640,6480,,16Kb,468Kb,608Kb,5,2,
gw1n9c-103,GW1N-LV9QN48FC6/I5,GW1N,GW1N-9C,QFN48F,LV,C6/I5,6,40,8640,6480,,16Kb,468Kb,608Kb,5,2,
gw1n9c-105,GW1N-LV9MG100TC7/I6,GW1N,GW1N-9C,MBGA100T,LV,C7/I6,7,88,8640,6480,,16Kb,468Kb,608Kb,5,2,
gw1n9c-106,GW1N-LV9MG100TC6/I5,GW1N,GW1N-9C,MBGA100T,LV,C6/I5,6,88,8640,6480,,16Kb,468Kb,608Kb,5,2,
gw1n9c-108,GW1N-UV9CM64C6/I5,GW1N,GW1N-9C,WLCSP64,UV,C6/I5,6,56,8640,6480,,16Kb,468Kb,608Kb,5,2,
gw1n9c-110,GW1N-LV9QN60A4,GW1N,GW1N-9C,QFN60,LV,A4,4,45,8640,6480,,16Kb,468Kb,608Kb,5,2,
gw1n9c-111,GW1N-LV9QN88FA4,GW1N,GW1N-9C,QFN88F,LV,A4,4,70,8640,6480,,16Kb,468Kb,608Kb,5,2,
gw1nr9-000,GW1NR-LV9QN88C6/I5,GW1NR,GW1NR-9,QFN88,LV,C6/I5,6,71,8640,6480,,16Kb,468Kb,608Kb,5,2,
gw1nr9-002,GW1NR-UV9QN88C6/I5,GW1NR,GW1NR-9,QFN88,UV,C6/I5,6,71,8640,6480,,16Kb,468Kb,608Kb,5,2,
gw1nr9-008,GW1NR-LV9QN88PES,GW1NR,GW1NR-9,QFN88P,LV,ES,5,71,8640,6480,,16Kb,468Kb,608Kb,5,2,
gw1nr9-009,GW1NR-UV9QN88PES,GW1NR,GW1NR-9,QFN88P,UV,ES,5,71,8640,6480,,16Kb,468Kb,608Kb,5,2,
gw1nr9-010,GW1NR-LV9LQ144PES,GW1NR,GW1NR-9,LQFP144P,LV,ES,5,121,8640,6480,,16Kb,468Kb,608Kb,5,2,
gw1nr9-011,GW1NR-UV9LQ144PES,GW1NR,GW1NR-9,LQFP144P,UV,ES,5,121,8640,6480,,16Kb,468Kb,608Kb,5,2,
gw1nr9-012,GW1NR-LV9QN88PC6/I5,GW1NR,GW1NR-9,QFN88P,LV,C6/I5,6,71,8640,6480,,16Kb,468Kb,608Kb,5,2,
gw1nr9-014,GW1NR-UV9QN88PC6/I5,GW1NR,GW1NR-9,QFN88P,UV,C6/I5,6,71,8640,6480,,16Kb,468Kb,608Kb,5,2,
gw1nr9-016,GW1NR-LV9LQ144PC6/I5,GW1NR,GW1NR-9,LQFP144P,LV,C6/I5,6,121,8640,6480,,16Kb,468Kb,608Kb,5,2,
gw1nr9-018,GW1NR-UV9LQ144PC6/I5,GW1NR,GW1NR-9,LQFP144P,UV,C6/I5,6,121,8640,6480,,16Kb,468Kb,608Kb,5,2,
gw1nr9-020,GW1NR-LV9MG100PC6/I5,GW1NR,GW1NR-9,MBGA100P,LV,C6/I5,6,88,8640,6480,,16Kb,468Kb,608Kb,5,2,
gw1nr9-022,GW1NR-UV9MG100PC6/I5,GW1NR,GW1NR-9,MBGA100P,UV,C6/I5,6,88,8640,6480,,16Kb,468Kb,608Kb,5,2,
gw1nr9-024,GW1NR-LV9MG100PES,GW1NR,GW1NR-9,MBGA100P,LV,ES,5,88,8640,6480,,16Kb,468Kb,608Kb,5,2,
gw1nr9-025,GW1NR-UV9MG100PES,GW1NR,GW1NR-9,MBGA100P,UV,ES,5,88,8640,6480,,16Kb,468Kb,608Kb,5,2,
gw1nr9c-000,GW1NR-LV9QN88C6/I5,GW1NR,GW1NR-9C,QFN88,LV,C6/I5,6,71,8640,6480,,16Kb,468Kb,608Kb,5,2,
gw1nr9c-002,GW1NR-UV9QN88C6/I5,GW1NR,GW1NR-9C,QFN88,UV,C6/I5,6,71,8640,6480,,16Kb,468Kb,608Kb,5,2,
gw1nr9c-004,GW1NR-LV9QN88PC6/I5,GW1NR,GW1NR-9C,QFN88P,LV,C6/I5,6,71,8640,6480,,16Kb,468Kb,608Kb,5,2,
gw1nr9c-006,GW1NR-UV9QN88PC6/I5,GW1NR,GW1NR-9C,QFN88P,UV,C6/I5,6,71,8640,6480,,16Kb,468Kb,608Kb,5,2,
gw1nr9c-008,GW1NR-LV9MG100PC6/I5,GW1NR,GW1NR-9C,MBGA100P,LV,C6/I5,6,88,8640,6480,,16Kb,468Kb,608Kb,5,2,
gw1nr9c-010,GW1NR-UV9MG100PC6/I5,GW1NR,GW1NR-9C,MBGA100P,UV,C6/I5,6,88,8640,6480,,16Kb,468Kb,608Kb,5,2,
gw1nr9c-012,GW1NR-LV9LQ144PC6/I5,GW1NR,GW1NR-9C,LQFP144P,LV,C6/I5,6,121,8640,6480,,16Kb,468Kb,608Kb,5,2,
gw1nr9c-014,GW1NR-UV9LQ144PC6/I5,GW1NR,GW1NR-9C,LQFP144P,UV,C6/I5,6,121,8640,6480,,16Kb,468Kb,608Kb,5,2,
gw1nr9c-016,GW1NR-LV9MG100PES,GW1NR,GW1NR-9C,MBGA100P,LV,ES,5,88,8640,6480,,16Kb,468Kb,608Kb,5,2,
gw1nr9c-017,GW1NR-LV9QN88C7/I6,GW1NR,GW1NR-9C,QFN88,LV,C7/I6,7,71,8640,6480,,16Kb,468Kb,608Kb,5,2,
gw1nr9c-019,GW1NR-LV9QN88PC7/I6,GW1NR,GW1NR-9C,QFN88P,LV,C7/I6,7,71,8640,6480,,16Kb,468Kb,608Kb,5,2,
gw1nr9c-021,GW1NR-LV9MG100PC7/I6,GW1NR,GW1NR-9C,MBGA100P,LV,C7/I6,7,88,8640,6480,,16Kb,468Kb,608Kb,5,2,
gw1nr9c-023,GW1NR-LV9LQ144PC7/I6,GW1NR,GW1NR-9C,LQFP144P,LV,C7/I6,7,121,8640,6480,,16Kb,468Kb,608Kb,5,2,
gw1nr9c-025,GW1NR-LV9MG100PFC7/I6,GW1NR,GW1NR-9C,MBGA100PF,LV,C7/I6,7,88,8640,6480,,16Kb,468Kb,608Kb,5,2,
gw1nr9c-026,GW1NR-LV9MG100PFC6/I5,GW1NR,GW1NR-9C,MBGA100PF,LV,C6/I5,6,88,8640,6480,,16Kb,468Kb,608Kb,5,2,
gw1nr9c-028,GW1NR-LV9MG100PFES,GW1NR,GW1NR-9C,MBGA100PF,LV,ES,5,88,8640,6480,,16Kb,468Kb,608Kb,5,2,
gw1nr9c-029,GW1NR-LV9MG100PDC7/I6,GW1NR,GW1NR-9C,MBGA100PD,LV,C7/I6,7,88,8640,6480,,16Kb,468Kb,608Kb,5,2,
gw1nr9c-030,GW1NR-LV9MG100PDC6/I5,GW1NR,GW1NR-9C,MBGA100PD,LV,C6/I5,6,88,8640,6480,,16Kb,468Kb,608Kb,5,2,
gw1nr9c-032,GW1NR-LV9MG100PAC7/I6,GW1NR,GW1NR-9C,MBGA100PA,LV,C7/I6,7,88,8640,6480,,16Kb,468Kb,608Kb,5,2,
gw1nr9c-033,GW1NR-LV9MG100PAC6/I5,GW1NR,GW1NR-9C,MBGA100PA,LV,C6/I5,6,88,8640,6480,,16Kb,468Kb,608Kb,5,2,
gw1nr9c-035,GW1NR-LV9MG100PAES,GW1NR,GW1NR-9C,MBGA100PA,LV,ES,5,88,8640,6480,,16Kb,468Kb,608Kb,5,2,
gw1nr9c-036,GW1NR-LV9MG100PTC7/I6,GW1NR,GW1NR-9C,MBGA100PT,LV,C7/I6,7,88,8640,6480,,16Kb,468Kb,608Kb,5,2,
gw1nr9c-037,GW1NR-LV9MG100PTC6/I5,GW1NR,GW1NR-9C,MBGA100PT,LV,C6/I5,6,88,8640,6480,,16Kb,468Kb,608Kb,5,2,
gw1nr9c-039,GW1NR-LV9MG100PTES,GW1NR,GW1NR-9C,MBGA100PT,LV,ES,5,88,8640,6480,,16Kb,468Kb,608Kb,5,2,
gw1nr9c-040,GW1NR-LV9MG100PSC7/I6,GW1NR,GW1NR-9C,MBGA100PS,LV,C7/I6,7,88,8640,6480,,16Kb,468Kb,608Kb,5,2,
gw1nr9c-041,GW1NR-LV9MG100PSC6/I5,GW1NR,GW1NR-9C,MBGA100PS,LV,C6/I5,6,88,8640,6480,,16Kb,468Kb,608Kb,5,2,
gw1nr9c-043,GW1NR-LV9MG100PSES,GW1NR,GW1NR-9C,MBGA100PS,LV,ES,5,88,8640,6480,,16Kb,468Kb,608Kb,5,2,
gw2a18-002,GW2A-LV18PG256C8/I7,GW2A,GW2A-18,PBGA256,LV,C8/I7,8,207,20736,15552,,40Kb,828Kb,,12,4,
gw2a18-003,GW2A-LV18PG256C7/I6,GW2A,GW2A-18,PBGA256,LV,C7/I6,7,207,20736,15552,,40Kb,828Kb,,12,4,
gw2a18-004,GW2A-LV18PG484C8/I7,GW2A,GW2A-18,PBGA484,LV,C8/I7,8,320,20736,15552,,40Kb,828Kb,,12,4,
gw2a18-005,GW2A-LV18PG484C7/I6,GW2A,GW2A-18,PBGA484,LV,C7/I6,7,320,20736,15552,,40Kb,828Kb,,12,4,
gw2a18-006,GW2A-LV18MG196C8/I7,GW2A,GW2A-18,MBGA196,LV,C8/I7,8,114,20736,15552,,40Kb,828Kb,,12,4,
gw2a18-007,GW2A-LV18PG256SC8/I7,GW2A,GW2A-18,PBGA256S,LV,C8/I7,8,193,20736,15552,,40Kb,828Kb,,12,4,
gw2a18-008,GW2A-LV18QN88C8/I7,GW2A,GW2A-18,QFN88,LV,C8/I7,8,66,20736,15552,,40Kb,828Kb,,12,2,
gw2a18-015,GW2A-LV18MG196C7/I6,GW2A,GW2A-18,MBGA196,LV,C7/I6,7,114,20736,15552,,40Kb,828Kb,,12,4,
gw2a18-018,GW2A-LV18PG256SC7/I6,GW2A,GW2A-18,PBGA256S,LV,C7/I6,7,193,20736,15552,,40Kb,828Kb,,12,4,
gw2a18-021,GW2A-LV18QN88C7/I6,GW2A,GW2A-18,QFN88,LV,C7/I6,7,66,20736,15552,,40Kb,828Kb,,12,2,
gw2a18-024,GW2A-LV18PG256CC8/I7,GW2A,GW2A-18,PBGA256C,LV,C8/I7,8,191,20736,15552,,40Kb,828Kb,,12,4,
gw2a18-025,GW2A-LV18PG256CC7/I6,GW2A,GW2A-18,PBGA256C,LV,C7/I6,7,191,20736,15552,,40Kb,828Kb,,12,4,
gw2a18-029,GW2A-LV18PG484C9/I8,GW2A,GW2A-18,PBGA484,LV,C9/I8,9,320,20736,15552,,40Kb,828Kb,,12,4,
gw2a18-032,GW2A-LV18EQ144C8/I7,GW2A,GW2A-18,eLQFP144,LV,C8/I7,8,119,20736,15552,,40Kb,828Kb,,12,4,
gw2a18-033,GW2A-LV18EQ144C7/I6,GW2A,GW2A-18,eLQFP144,LV,C7/I6,7,119,20736,15552,,40Kb,828Kb,,12,4,
gw2a18-034,GW2A-LV18PG256C9/I8,GW2A,GW2A-18,PBGA256,LV,C9/I8,9,207,20736,15552,,40Kb,828Kb,,12,4,
gw2a18-035,GW2A-LV18QN88A6,GW2A,GW2A-18,QFN88,LV,A6,6,66,20736,15552,,40Kb,828Kb,,12,2,
gw2a18-036,GW2A-LV18UG324C8/I7,GW2A,GW2A-18,UBGA324,LV,C8/I7,8,240,20736,15552,,40Kb,828Kb,,12,4,
gw2a18-037,GW2A-LV18UG324C7/I6,GW2A,GW2A-18,UBGA324,LV,C7/I6,7,240,20736,15552,,40Kb,828Kb,,12,4,
gw2a18-038,GW2A-LV18PG256EC8/I7,GW2A,GW2A-18,PBGA256E,LV,C8/I7,8,162,20736,15552,,40Kb,828Kb,,12,4,
gw2a18-039,GW2A-LV18PG256EES,GW2A,GW2A-18,PBGA256E,LV,ES,7,162,20736,15552,,40Kb,828Kb,,12,4,
gw2a18c-000,GW2A-LV18QN88A6,GW2A,GW2A-18C,QFN88,LV,A6,6,66,20736,15552,,40Kb,828Kb,,12,2,
gw2a18c-001,GW2A-LV18QN88C8/I7,GW2A,GW2A-18C,QFN88,LV,C8/I7,8,66,20736,15552,,40Kb,828Kb,,12,2,
gw2a18c-002,GW2A-LV18QN88C7/I6,GW2A,GW2A-18C,QFN88,LV,C7/I6,7,66,20736,15552,,40Kb,828Kb,,12,2,
gw2a18c-005,GW2A-LV18EQ144C8/I7,GW2A,GW2A-18C,eLQFP144,LV,C8/I7,8,119,20736,15552,,40Kb,828Kb,,12,4,
gw2a18c-006,GW2A-LV18EQ144C7/I6,GW2A,GW2A-18C,eLQFP144,LV,C7/I6,7,119,20736,15552,,40Kb,828Kb,,12,4,
gw2a18c-007,GW2A-LV18MG196C8/I7,GW2A,GW2A-18C,MBGA196,LV,C8/I7,8,114,20736,15552,,40Kb,828Kb,,12,4,
gw2a18c-008,GW2A-LV18MG196C7/I6,GW2A,GW2A-18C,MBGA196,LV,C7/I6,7,114,20736,15552,,40Kb,828Kb,,12,4,
gw2a18c-009,GW2A-LV18PG256SC8/I7,GW2A,GW2A-18C,PBGA256S,LV,C8/I7,8,193,20736,15552,,40Kb,828Kb,,12,4,
gw2a18c-010,GW2A-LV18PG256SC7/I6,GW2A,GW2A-18C,PBGA256S,LV,C7/I6,7,193,20736,15552,,40Kb,828Kb,,12,4,
gw2a18c-011,GW2A-LV18PG256C8/I7,GW2A,GW2A-18C,PBGA256,LV,C8/I7,8,207,20736,15552,,40Kb,828Kb,,12,4,
gw2a18c-012,GW2A-LV18PG256C7/I6,GW2A,GW2A-18C,PBGA256,LV,C7/I6,7,207,20736,15552,,40Kb,828Kb,,12,4,
gw2a18c-013,GW2A-LV18PG256C9/I8,GW2A,GW2A-18C,PBGA256,LV,C9/I8,9,207,20736,15552,,40Kb,828Kb,,12,4,
gw2a18c-014,GW2A-LV18PG256CC8/I7,GW2A,GW2A-18C,PBGA256C,LV,C8/I7,8,191,20736,15552,,40Kb,828Kb,,12,4,
gw2a18c-015,GW2A-LV18PG256CC7/I6,GW2A,GW2A-18C,PBGA256C,LV,C7/I6,7,191,20736,15552,,40Kb,828Kb,,12,4,
gw2a18c-016,GW2A-LV18PG256EC8/I7,GW2A,GW2A-18C,PBGA256E,LV,C8/I7,8,162,20736,15552,,40Kb,828Kb,,12,4,
gw2a18c-017,GW2A-LV18UG324C8/I7,GW2A,GW2A-18C,UBGA324,LV,C8/I7,8,240,20736,15552,,40Kb,828Kb,,12,4,
gw2a18c-018,GW2A-LV18UG324C7/I6,GW2A,GW2A-18C,UBGA324,LV,C7/I6,7,240,20736,15552,,40Kb,828Kb,,12,4,
gw2a18c-020,GW2A-LV18PG484C9/I8,GW2A,GW2A-18C,PBGA484,LV,C9/I8,9,320,20736,15552,,40Kb,828Kb,,12,4,
gw2a18c-021,GW2A-LV18PG484C8/I7,GW2A,GW2A-18C,PBGA484,LV,C8/I7,8,320,20736,15552,,40Kb,828Kb,,12,4,
gw2a18c-022,GW2A-LV18PG484C7/I6,GW2A,GW2A-18C,PBGA484,LV,C7/I6,7,320,20736,15552,,40Kb,828Kb,,12,4,
gw2a18c-023,GW2A-LV18PG256A6,GW2A,GW2A-18C,PBGA256,LV,A6,6,207,20736,15552,,40Kb,828Kb,,12,4,
gw2a18c-024,GW2A-LV18UG484C8/I7,GW2A,GW2A-18C,UBGA484,LV,C8/I7,8,380,20736,15552,,40Kb,828Kb,,12,4,
gw2a18c-025,GW2A-LV18UG484C7/I6,GW2A,GW2A-18C,UBGA484,LV,C7/I6,7,380,20736,15552,,40Kb,828Kb,,12,4,
gw2a18c-026,GW2A-LV18PG256CFC8/I7,GW2A,GW2A-18C,PBGA256CF,LV,C8/I7,8,191,20736,15552,,40Kb,828Kb,,12,4,
gw2a18c-027,GW2A-LV18PG256CFC7/I6,GW2A,GW2A-18C,PBGA256CF,LV,C7/I6,7,191,20736,15552,,40Kb,828Kb,,12,4,
gw2a18c-029,GW2A-LV18PG256SFC8/I7,GW2A,GW2A-18C,PBGA256SF,LV,C8/I7,8,193,20736,15552,,40Kb,828Kb,,12,4,
gw2a18c-030,GW2A-LV18PG256SFC7/I6,GW2A,GW2A-18C,PBGA256SF,LV,C7/I6,7,193,20736,15552,,40Kb,828Kb,,12,4,
gw2a18c-031,GW2A-LV18PG484CC8/I7,GW2A,GW2A-18C,PBGA484C,LV,C8/I7,8,356,20736,15552,,40Kb,828Kb,,12,4,
gw2ar18-000,GW2AR-LV18QN88C8/I7,GW2AR,GW2AR-18,QFN88,LV,C8/I7,8,66,20736,15552,,40Kb,828Kb,,12,2,
gw2ar18-001,GW2AR-LV18QN88C7/I6,GW2AR,GW2AR-18,QFN88,LV,C7/I6,7,66,20736,15552,,40Kb,828Kb,,12,2,
gw2ar18-006,GW2AR-LV18QN88PES,GW2AR,GW2AR-18,QFN88P,LV,ES,7,66,20736,15552,,40Kb,828Kb,,12,2,
gw2ar18-007,GW2AR-LV18EQ144PES,GW2AR,GW2AR-18,eLQFP144P,LV,ES,7,120,20736,15552,,40Kb,828Kb,,12,4,
gw2ar18-014,GW2AR-LV18EQ144C8/I7,GW2AR,GW2AR-18,eLQFP144,LV,C8/I7,8,120,20736,15552,,40Kb,828Kb,,12,4,
gw2ar18-015,GW2AR-LV18EQ144C7/I6,GW2AR,GW2AR-18,eLQFP144,LV,C7/I6,7,120,20736,15552,,40Kb,828Kb,,12,4,
gw2ar18-018,GW2AR-LV18QN88PC8/I7,GW2AR,GW2AR-18,QFN88P,LV,C8/I7,8,66,20736,15552,,40Kb,828Kb,,12,2,
gw2ar18-019,GW2AR-LV18QN88PC7/I6,GW2AR,GW2AR-18,QFN88P,LV,C7/I6,7,66,20736,15552,,40Kb,828Kb,,12,2,
gw2ar18-022,GW2AR-LV18EQ144PC8/I7,GW2AR,GW2AR-18,eLQFP144P,LV,C8/I7,8,120,20736,15552,,40Kb,828Kb,,12,4,
gw2ar18-023,GW2AR-LV18EQ144PC7/I6,GW2AR,GW2AR-18,eLQFP144P,LV,C7/I6,7,120,20736,15552,,40Kb,828Kb,,12,4,
gw2ar18-026,GW2AR-LV18EQ176ES,GW2AR,GW2AR-18,eLQFP176,LV,ES,7,140,20736,15552,,40Kb,828Kb,,12,3,
gw2ar18-027,GW2AR-LV18EQ176C8/I7,GW2AR,GW2AR-18,eLQFP176,LV,C8/I7,8,140,20736,15552,,40Kb,828Kb,,12,3,
gw2ar18-028,GW2AR-LV18EQ176C7/I6,GW2AR,GW2AR-18,eLQFP176,LV,C7/I6,7,140,20736,15552,,40Kb,828Kb,,12,3,
gw2ar18-029,GW2AR-LV18EQ144PC9/I8,GW2AR,GW2AR-18,eLQFP144P,LV,C9/I8,9,120,20736,15552,,40Kb,828Kb,,12,4,
gw2ar18c-000,GW2AR-LV18QN88C8/I7,GW2AR,GW2AR-18C,QFN88,LV,C8/I7,8,66,20736,15552,,40Kb,828Kb,,12,2,
gw2ar18c-001,GW2AR-LV18QN88C7/I6,GW2AR,GW2AR-18C,QFN88,LV,C7/I6,7,66,20736,15552,,40Kb,828Kb,,12,2,
gw2ar18c-004,GW2AR-LV18EQ144C8/I7,GW2AR,GW2AR-18C,eLQFP144,LV,C8/I7,8,120,20736,15552,,40Kb,828Kb,,12,4,
gw2ar18c-005,GW2AR-LV18EQ144C7/I6,GW2AR,GW2AR-18C,eLQFP144,LV,C7/I6,7,120,20736,15552,,40Kb,828Kb,,12,4,
gw2ar18c-009,GW2AR-LV18EQ176C8/I7,GW2AR,GW2AR-18C,eLQFP176,LV,C8/I7,8,140,20736,15552,,40Kb,828Kb,,12,3,
gw2ar18c-010,GW2AR-LV18EQ176C7/I6,GW2AR,GW2AR-18C,eLQFP176,LV,C7/I6,7,140,20736,15552,,40Kb,828Kb,,12,3,
gw2ar18c-011,GW2AR-LV18QN88PC8/I7,GW2AR,GW2AR-18C,QFN88P,LV,C8/I7,8,66,20736,15552,,40Kb,828Kb,,12,2,
gw2ar18c-012,GW2AR-LV18QN88PC7/I6,GW2AR,GW2AR-18C,QFN88P,LV,C7/I6,7,66,20736,15552,,40Kb,828Kb,,12,2,
gw2ar18c-013,GW2AR-LV18EQ144PC9/I8,GW2AR,GW2AR-18C,eLQFP144P,LV,C9/I8,9,120,20736,15552,,40Kb,828Kb,,12,4,
gw2ar18c-014,GW2AR-LV18EQ144PC8/I7,GW2AR,GW2AR-18C,eLQFP144P,LV,C8/I7,8,120,20736,15552,,40Kb,828Kb,,12,4,
gw2ar18c-015,GW2AR-LV18EQ144PC7/I6,GW2AR,GW2AR-18C,eLQFP144P,LV,C7/I6,7,120,20736,15552,,40Kb,828Kb,,12,4,
gw2ar18c-016,GW2AR-LV18QN88PFC9/I8,GW2AR,GW2AR-18C,QFN88PF,LV,C9/I8,9,66,20736,15552,,40Kb,828Kb,,12,2,
gw2ar18c-017,GW2AR-LV18QN88PFC8/I7,GW2AR,GW2AR-18C,QFN88PF,LV,C8/I7,8,66,20736,15552,,40Kb,828Kb,,12,2,
gw2ar18c-018,GW2AR-LV18QN88PFC7/I6,GW2AR,GW2AR-18C,QFN88PF,LV,C7/I6,7,66,20736,15552,,40Kb,828Kb,,12,2,
gw2ar18c-019,GW2AR-LV18EQ144PFC9/I8,GW2AR,GW2AR-18C,eLQFP144PF,LV,C9/I8,9,120,20736,15552,,40Kb,828Kb,,12,4,
gw2ar18c-020,GW2AR-LV18EQ144PFC8/I7,GW2AR,GW2AR-18C,eLQFP144PF,LV,C8/I7,8,120,20736,15552,,40Kb,828Kb,,12,4,
gw2ar18c-021,GW2AR-LV18EQ144PFC7/I6,GW2AR,GW2AR-18C,eLQFP144PF,LV,C7/I6,7,120,20736,15552,,40Kb,828Kb,,12,4,
gw2anr18c-000,GW2ANR-LV18QN88C9/I8,GW2ANR,GW2ANR-18C,QFN88,LV,C9/I8,9,66,20736,15552,,40Kb,828Kb,,12,2,
gw2anr18c-001,GW2ANR-LV18QN88C8/I7,GW2ANR,GW2ANR-18C,QFN88,LV,C8/I7,8,66,20736,15552,,40Kb,828Kb,,12,2,
gw2anr18c-002,GW2ANR-LV18QN88C7/I6,GW2ANR,GW2ANR-18C,QFN88,LV,C7/I6,7,66,20736,15552,,40Kb,828Kb,,12,2,
gw2anr18c-003,GW2ANR-LV18QN88ES,GW2ANR,GW2ANR-18C,QFN88,LV,ES,7,66,20736,15552,,40Kb,828Kb,,12,2,
gw2an9x-001,GW2AN-LV9XUG400C7/I6,GW2AN,GW2AN-9X,UBGA400,LV,C7/I6,7,336,10368,10368,,40Kb,540Kb,,,2,UBGA400-LV
gw2an9x-003,GW2AN-EV9XUG400C7/I6,GW2AN,GW2AN-9X,UBGA400,EV,C7/I6,7,336,10368,10368,,40Kb,540Kb,,,2,UBGA400-EV
gw2an9x-005,GW2AN-UV9XUG400C7/I6,GW2AN,GW2AN-9X,UBGA400,UV,C7/I6,7,336,10368,10368,,40Kb,540Kb,,,2,UBGA400-UV
gw2an9x-007,GW2AN-LV9XUG484C7/I6,GW2AN,GW2AN-9X,UBGA484,LV,C7/I6,7,384,10368,10368,,40Kb,540Kb,,,2,UBGA484-LV
gw2an9x-009,GW2AN-EV9XUG484C7/I6,GW2AN,GW2AN-9X,UBGA484,EV,C7/I6,7,384,10368,10368,,40Kb,540Kb,,,2,UBGA484-EV
gw2an9x-011,GW2AN-UV9XUG484C7/I6,GW2AN,GW2AN-9X,UBGA484,UV,C7/I6,7,384,10368,10368,,40Kb,540Kb,,,2,UBGA484-UV
gw2an9x-014,GW2AN-LV9XUG324C7/I6,GW2AN,GW2AN-9X,UBGA324,LV,C7/I6,7,280,10368,10368,,40Kb,540Kb,,,2,UBGA324-LV
gw2an9x-016,GW2AN-EV9XUG324C7/I6,GW2AN,GW2AN-9X,UBGA324,EV,C7/I6,7,280,10368,10368,,40Kb,540Kb,,,2,UBGA324-EV
gw2an9x-018,GW2AN-UV9XUG324C7/I6,GW2AN,GW2AN-9X,UBGA324,UV,C7/I6,7,280,10368,10368,,40Kb,540Kb,,,2,UBGA324-UV
gw2an9x-020,GW2AN-LV9XPG256C7/I6,GW2AN,GW2AN-9X,PBGA256,LV,C7/I6,7,208,10368,10368,,40Kb,540Kb,,,2,PBGA256-LV
gw2an9x-022,GW2AN-EV9XPG256C7/I6,GW2AN,GW2AN-9X,PBGA256,EV,C7/I6,7,208,10368,10368,,40Kb,540Kb,,,2,PBGA256-EV
gw2an9x-024,GW2AN-UV9XPG256C7/I6,GW2AN,GW2AN-9X,PBGA256,UV,C7/I6,7,208,10368,10368,,40Kb,540Kb,,,2,PBGA256-UV
gw2an9x-026,GW2AN-LV9XUG256C7/I6,GW2AN,GW2AN-9X,UBGA256,LV,C7/I6,7,208,10368,10368,,40Kb,540Kb,,,2,UBGA256-LV
gw2an9x-028,GW2AN-EV9XUG256C7/I6,GW2AN,GW2AN-9X,UBGA256,EV,C7/I6,7,208,10368,10368,,40Kb,540Kb,,,2,UBGA256-EV
gw2an9x-030,GW2AN-UV9XUG256C7/I6,GW2AN,GW2AN-9X,UBGA256,UV,C7/I6,7,208,10368,10368,,40Kb,540Kb,,,2,UBGA256-UV
gw2an18x-001,GW2AN-LV18XUG400C7/I6,GW2AN,GW2AN-18X,UBGA400,LV,C7/I6,7,336,20736,15552,,40Kb,540Kb,,,2,UBGA400-LV
gw2an18x-003,GW2AN-EV18XUG400C7/I6,GW2AN,GW2AN-18X,UBGA400,EV,C7/I6,7,336,20736,15552,,40Kb,540Kb,,,2,UBGA400-EV
gw2an18x-005,GW2AN-UV18XUG400C7/I6,GW2AN,GW2AN-18X,UBGA400,UV,C7/I6,7,336,20736,15552,,40Kb,540Kb,,,2,UBGA400-UV
gw2an18x-007,GW2AN-LV18XUG484C7/I6,GW2AN,GW2AN-18X,UBGA484,LV,C7/I6,7,384,20736,15552,,40Kb,540Kb,,,2,UBGA484-LV
gw2an18x-009,GW2AN-EV18XUG484C7/I6,GW2AN,GW2AN-18X,UBGA484,EV,C7/I6,7,384,20736,15552,,40Kb,540Kb,,,2,UBGA484-EV
gw2an18x-011,GW2AN-UV18XUG484C7/I6,GW2AN,GW2AN-18X,UBGA484,UV,C7/I6,7,384,20736,15552,,40Kb,540Kb,,,2,UBGA484-UV
gw2an18x-013,GW2AN-LV18XPG484C7/I6,GW2AN,GW2AN-18X,PBGA484,LV,C7/I6,7,382,20736,15552,,40Kb,540Kb,,,2,PBGA484-LV
gw2an18x-015,GW2AN-EV18XPG484C7/I6,GW2AN,GW2AN-18X,PBGA484,EV,C7/I6,7,382,20736,15552,,40Kb,540Kb,,,2,PBGA484-EV
gw2an18x-017,GW2AN-UV18XPG484C7/I6,GW2AN,GW2AN-18X,PBGA484,UV,C7/I6,7,382,20736,15552,,40Kb,540Kb,,,2,PBGA484-UV
gw2an18x-019,GW2AN-LV18XUG324C7/I6,GW2AN,GW2AN-18X,UBGA324,LV,C7/I6,7,280,20736,15552,,40Kb,540Kb,,,2,UBGA324-LV
gw2an18x-021,GW2AN-EV18XUG324C7/I6,GW2AN,GW2AN-18X,UBGA324,EV,C7/I6,7,280,20736,15552,,40Kb,540Kb,,,2,UBGA324-EV
gw2an18x-023,GW2AN-UV18XUG324C7/I6,GW2AN,GW2AN-18X,UBGA324,UV,C7/I6,7,280,20736,15552,,40Kb,540Kb,,,2,UBGA324-UV
gw2an18x-025,GW2AN-LV18XUG256C7/I6,GW2AN,GW2AN-18X,UBGA256,LV,C7/I6,7,208,20736,15552,,40Kb,540Kb,,,2,UBGA256-LV
gw2an18x-027,GW2AN-EV18XUG256C7/I6,GW2AN,GW2AN-18X,UBGA256,EV,C7/I6,7,208,20736,15552,,40Kb,540Kb,,,2,UBGA256-EV
gw2an18x-029,GW2AN-UV18XUG256C7/I6,GW2AN,GW2AN-18X,UBGA256,UV,C7/I6,7,208,20736,15552,,40Kb,540Kb,,,2,UBGA256-UV
gw2an18x-031,GW2AN-LV18XPG256C7/I6,GW2AN,GW2AN-18X,PBGA256,LV,C7/I6,7,208,20736,15552,,40Kb,540Kb,,,2,PBGA256-LV
gw2an18x-033,GW2AN-EV18XPG256C7/I6,GW2AN,GW2AN-18X,PBGA256,EV,C7/I6,7,208,20736,15552,,40Kb,540Kb,,,2,PBGA256-EV
gw2an18x-035,GW2AN-UV18XPG256C7/I6,GW2AN,GW2AN-18X,PBGA256,UV,C7/I6,7,208,20736,15552,,40Kb,540Kb,,,2,PBGA256-UV
gw2an18x-037,GW2AN-LV18XUG332C7/I6,GW2AN,GW2AN-18X,UBGA332,LV,C7/I6,7,280,20736,15552,,40Kb,540Kb,,,2,UBGA332-LV
gw2an18x-039,GW2AN-EV18XUG332C7/I6,GW2AN,GW2AN-18X,UBGA332,EV,C7/I6,7,280,20736,15552,,40Kb,540Kb,,,2,UBGA332-EV
gw2an18x-041,GW2AN-UV18XUG332C7/I6,GW2AN,GW2AN-18X,UBGA332,UV,C7/I6,7,280,20736,15552,,40Kb,540Kb,,,2,UBGA332-UV
gw2an55c-000,GW2AN-LV55UG676C9/I8,GW2AN,GW2AN-55C,UBGA676,LV,C9/I8,9,526,54720,41040,,106Kb,2520Kb,,10,6,
gw2an55c-001,GW2AN-LV55UG676C8/I7,GW2AN,GW2AN-55C,UBGA676,LV,C8/I7,8,526,54720,41040,,106Kb,2520Kb,,10,6,
gw2an55c-002,GW2AN-LV55UG676C7/I6,GW2AN,GW2AN-55C,UBGA676,LV,C7/I6,7,526,54720,41040,,106Kb,2520Kb,,10,6,
gw2a55-000,GW2A-LV55PG484C8/I7,GW2A,GW2A-55,PBGA484,LV,C8/I7,8,320,54720,41040,,106Kb,2520Kb,,10,6,
gw2a55-001,GW2A-LV55PG484C7/I6,GW2A,GW2A-55,PBGA484,LV,C7/I6,7,320,54720,41040,,106Kb,2520Kb,,10,6,
gw2a55-002,GW2A-LV55PG1156C8/I7,GW2A,GW2A-55,PBGA1156,LV,C8/I7,8,608,54720,41040,,106Kb,2520Kb,,10,6,
gw2a55-003,GW2A-LV55PG1156C7/I6,GW2A,GW2A-55,PBGA1156,LV,C7/I6,7,608,54720,41040,,106Kb,2520Kb,,10,6,
gw2a55-010,GW2A-LV55PG484C9/I8,GW2A,GW2A-55,PBGA484,LV,C9/I8,9,320,54720,41040,,106Kb,2520Kb,,10,6,
gw2a55-011,GW2A-LV55UG324C8/I7,GW2A,GW2A-55,UBGA324,LV,C8/I7,8,240,54720,41040,,106Kb,2520Kb,,10,6,
gw2a55-012,GW2A-LV55UG324C7/I6,GW2A,GW2A-55,UBGA324,LV,C7/I6,7,240,54720,41040,,106Kb,2520Kb,,10,6,
gw2a55-013,GW2A-LV55UG324C9/I8,GW2A,GW2A-55,UBGA324,LV,C9/I8,9,240,54720,41040,,106Kb,2520Kb,,10,6,
gw2a55-014,GW2A-LV55UG324DC8/I7,GW2A,GW2A-55,UBGA324D,LV,C8/I7,8,240,54720,41040,,106Kb,2520Kb,,10,6,
gw2a55-015,GW2A-LV55PG484ES,GW2A,GW2A-55,PBGA484,LV,ES,7,320,54720,41040,,106Kb,2520Kb,,10,6,
gw2a55-016,GW2A-LV55UG324ES,GW2A,GW2A-55,UBGA324,LV,ES,7,240,54720,41040,,106Kb,2520Kb,,10,6,
gw2a55-017,GW2A-LV55UG324DES,GW2A,GW2A-55,UBGA324D,LV,ES,7,240,54720,41040,,106Kb,2520Kb,,10,6,
gw2a55-018,GW2A-LV55UG324DC9/I8,GW2A,GW2A-55,UBGA324D,LV,C9/I8,9,240,54720,41040,,106Kb,2520Kb,,10,6,
gw2a55-019,GW2A-LV55UG324DC7/I6,GW2A,GW2A-55,UBGA324D,LV,C7/I6,7,240,54720,41040,,106Kb,2520Kb,,10,6,
gw2a55c-000,GW2A-LV55UG324C9/I8,GW2A,GW2A-55C,UBGA324,LV,C9/I8,9,240,54720,41040,,106Kb,2520Kb,,10,6,
gw2a55c-001,GW2A-LV55UG324C8/I7,GW2A,GW2A-55C,UBGA324,LV,C8/I7,8,240,54720,41040,,106Kb,2520Kb,,10,6,
gw2a55c-002,GW2A-LV55UG324C7/I6,GW2A,GW2A-55C,UBGA324,LV,C7/I6,7,240,54720,41040,,106Kb,2520Kb,,10,6,
gw2a55c-003,GW2A-LV55UG324DC8/I7,GW2A,GW2A-55C,UBGA324D,LV,C8/I7,8,240,54720,41040,,106Kb,2520Kb,,10,6,
gw2a55c-004,GW2A-LV55PG484C9/I8,GW2A,GW2A-55C,PBGA484,LV,C9/I8,9,320,54720,41040,,106Kb,2520Kb,,10,6,
gw2a55c-005,GW2A-LV55PG484C8/I7,GW2A,GW2A-55C,PBGA484,LV,C8/I7,8,320,54720,41040,,106Kb,2520Kb,,10,6,
gw2a55c-006,GW2A-LV55PG484C7/I6,GW2A,GW2A-55C,PBGA484,LV,C7/I6,7,320,54720,41040,,106Kb,2520Kb,,10,6,
gw2a55c-008,GW2A-LV55PG1156C8/I7,GW2A,GW2A-55C,PBGA1156,LV,C8/I7,8,608,54720,41040,,106Kb,2520Kb,,10,6,
gw2a55c-009,GW2A-LV55PG1156C7/I6,GW2A,GW2A-55C,PBGA1156,LV,C7/I6,7,608,54720,41040,,106Kb,2520Kb,,10,6,
gw2a55c-010,GW2A-LV55UG676C9/I8,GW2A,GW2A-55C,UBGA676,LV,C9/I8,9,526,54720,41040,,106Kb,2520Kb,,10,6,
gw2a55c-011,GW2A-LV55UG676C8/I7,GW2A,GW2A-55C,UBGA676,LV,C8/I7,8,526,54720,41040,,106Kb,2520Kb,,10,6,
gw2a55c-012,GW2A-LV55UG676C7/I6,GW2A,GW2A-55C,UBGA676,LV,C7/I6,7,526,54720,41040,,106Kb,2520Kb,,10,6,
gw2a55c-013,GW2A-LV55UG676ES,GW2A,GW2A-55C,UBGA676,LV,ES,7,526,54720,41040,,106Kb,2520Kb,,10,6,
gw2a55c-014,GW2A-LV55UG324DC9/I8,GW2A,GW2A-55C,UBGA324D,LV,C9/I8,9,240,54720,41040,,106Kb,2520Kb,,10,6,
gw2a55c-015,GW2A-LV55UG324DC7/I6,GW2A,GW2A-55C,UBGA324D,LV,C7/I6,7,240,54720,41040,,106Kb,2520Kb,,10,6,
gw2a55c-016,GW2A-LV55UG324FC8/I7,GW2A,GW2A-55C,UBGA324F,LV,C8/I7,8,240,54720,41040,,106Kb,2520Kb,,10,6,
gw2a55c-018,GW2A-LV55UG484SC8/I7,GW2A,GW2A-55C,UBGA484S,LV,C8/I7,8,345,54720,41040,,106Kb,2520Kb,,10,6,
gw2a55c-019,GW2A-LV55UG324FC9/I8,GW2A,GW2A-55C,UBGA324F,LV,C9/I8,9,240,54720,41040,,106Kb,2520Kb,,10,6,
gw5art15a-000,GW5ART-LV15CM90PES,GW5ART,GW5ART-15A,WLCSP90P,LV,ES,1,23,15120,15120,236Kb,118Kb,630Kb,,28,2,
gw5art15a-002,GW5ART-LV15CM90PC1/I0,GW5ART,GW5ART-15A,WLCSP90P,LV,C1/I0,1,23,15120,15120,236Kb,118Kb,630Kb,,28,2,
gw5art15a-003,GW5ART-LV15MG132PC2/I1,GW5ART,GW5ART-15A,MBGA132P,LV,C2/I1,2,38,15120,15120,236Kb,118Kb,630Kb,,28,2,
gw5art15a-004,GW5ART-LV15MG132PC1/I0,GW5ART,GW5ART-15A,MBGA132P,LV,C1/I0,1,38,15120,15120,236Kb,118Kb,630Kb,,28,2,
gw5art15a-005,GW5ART-LV15CM90PC1,GW5ART,GW5ART-15A,WLCSP90P,LV,C1,1,23,15120,15120,236Kb,118Kb,630Kb,,28,2,
gw5art15a-006,GW5ART-LV15CM90PFC1,GW5ART,GW5ART-15A,WLCSP90PF,LV,C1,1,23,15120,15120,236Kb,118Kb,630Kb,,28,2,
gw5art15a-007,GW5ART-LV15CS126PC1/I0,GW5ART,GW5ART-15A,CS126P,LV,C1/I0,1,23,15120,15120,236Kb,118Kb,630Kb,,28,2,
gw5art15b-001,GW5ART-LV15CM90PC1,GW5ART,GW5ART-15B,WLCSP90P,LV,C1,1,23,15120,15120,236Kb,118Kb,630Kb,,28,2,
gw5art15b-002,GW5ART-LV15CM90PFC1,GW5ART,GW5ART-15B,WLCSP90PF,LV,C1,1,23,15120,15120,236Kb,118Kb,630Kb,,28,2,
gw5art15b-003,GW5ART-LV15MG132PC2/I1,GW5ART,GW5ART-15B,MBGA132P,LV,C2/I1,2,38,15120,15120,236Kb,118Kb,630Kb,,28,2,
gw5art15b-004,GW5ART-LV15MG132PC1/I0,GW5ART,GW5ART-15B,MBGA132P,LV,C1/I0,1,38,15120,15120,236Kb,118Kb,630Kb,,28,2,
gw5at15a-003,GW5AT-LV15MG132ES,GW5AT,GW5AT-15A,MBGA132,LV,ES,1,53,15120,15120,236Kb,118Kb,630Kb,,28,2,
gw5at15a-004,GW5AT-LV15MG132A0,GW5AT,GW5AT-15A,MBGA132,LV,A0,0,53,15120,15120,236Kb,118Kb,630Kb,,28,2,
gw5at15a-005,GW5AT-LV15MG132C2/I1,GW5AT,GW5AT-15A,MBGA132,LV,C2/I1,2,53,15120,15120,236Kb,118Kb,630Kb,,28,2,
gw5at15a-006,GW5AT-LV15MG132C1/I0,GW5AT,GW5AT-15A,MBGA132,LV,C1/I0,1,53,15120,15120,236Kb,118Kb,630Kb,,28,2,
gw5at15a-007,GW5AT-LV15CS130C1/I0,GW5AT,GW5AT-15A,CS130,LV,C1/I0,1,53,15120,15120,236Kb,118Kb,630Kb,,28,2,
gw5at15b-001,GW5AT-LV15MG132C1/I0,GW5AT,GW5AT-15B,MBGA132,LV,C1/I0,1,53,15120,15120,236Kb,118Kb,630Kb,,28,2,
gw5at15b-002,GW5AT-LV15MG132C2/I1,GW5AT,GW5AT-15B,MBGA132,LV,C2/I1,2,53,15120,15120,236Kb,118Kb,630Kb,,28,2,
gw5at15b-003,GW5AT-LV15CS130C1/I0,GW5AT,GW5AT-15B,CS130,LV,C1/I0,1,53,15120,15120,236Kb,118Kb,630Kb,,28,2,
gw5a25a-000,GW5A-LV25MG121NES,GW5A,GW5A-25A,MBGA121N,LV,ES,1,82,23040,23040,360Kb,,1008Kb,,28,6,
gw5a25a-001,GW5A-LV25MG121NC2/I1,GW5A,GW5A-25A,MBGA121N,LV,C2/I1,2,82,23040,23040,360Kb,,1008Kb,,28,6,
gw5a25a-002,GW5A-LV25MG121NC1/I0,GW5A,GW5A-25A,MBGA121N,LV,C1/I0,1,82,23040,23040,360Kb,,1008Kb,,28,6,
gw5a25a-003,GW5A-EV25UG324SES,GW5A,GW5A-25A,UBGA324S,EV,ES,1,239,23040,23040,360Kb,,1008Kb,,28,6,UBGA324S-EV
gw5a25a-004,GW5A-EV25UG324SC1/I0,GW5A,GW5A-25A,UBGA324S,EV,C1/I0,1,239,23040,23040,360Kb,,1008Kb,,28,6,UBGA324S-EV
gw5a25a-005,GW5A-EV25UG324SC2/I1,GW5A,GW5A-25A,UBGA324S,EV,C2/I1,2,239,23040,23040,360Kb,,1008Kb,,28,6,UBGA324S-EV
gw5a25a-006,GW5A-LV25UG324ES,GW5A,GW5A-25A,UBGA324,LV,ES,1,222,23040,23040,360Kb,,1008Kb,,28,6,
gw5a25a-007,GW5A-LV25UG324C1/I0,GW5A,GW5A-25A,UBGA324,LV,C1/I0,1,222,23040,23040,360Kb,,1008Kb,,28,6,
gw5a25a-008,GW5A-LV25UG324C2/I1,GW5A,GW5A-25A,UBGA324,LV,C2/I1,2,222,23040,23040,360Kb,,1008Kb,,28,6,
gw5a25a-009,GW5A-EV25PG256CES,GW5A,GW5A-25A,PBGA256C,EV,ES,1,191,23040,23040,360Kb,,1008Kb,,28,6,PBGA256C-EV
gw5a25a-010,GW5A-EV25PG256CC1/I0,GW5A,GW5A-25A,PBGA256C,EV,C1/I0,1,191,23040,23040,360Kb,,1008Kb,,28,6,PBGA256C-EV
gw5a25a-011,GW5A-EV25PG256CC2/I1,GW5A,GW5A-25A,PBGA256C,EV,C2/I1,2,191,23040,23040,360Kb,,1008Kb,,28,6,PBGA256C-EV
gw5a25a-012,GW5A-EV25UG256CES,GW5A,GW5A-25A,UBGA256C,EV,ES,1,191,23040,23040,360Kb,,1008Kb,,28,6,UBGA256C-EV
gw5a25a-013,GW5A-EV25UG256CC1/I0,GW5A,GW5A-25A,UBGA256C,EV,C1/I0,1,191,23040,23040,360Kb,,1008Kb,,28,6,UBGA256C-EV
gw5a25a-014,GW5A-EV25UG256CC2/I1,GW5A,GW5A-25A,UBGA256C,EV,C2/I1,2,191,23040,23040,360Kb,,1008Kb,,28,6,UBGA256C-EV
gw5a25a-015,GW5A-EV25LQ100ES,GW5A,GW5A-25A,LQFP100,EV,ES,1,80,23040,23040,360Kb,,1008Kb,,28,6,LQFP100-EV
gw5a25a-016,GW5A-EV25LQ100C1/I0,GW5A,GW5A-25A,LQFP100,EV,C1/I0,1,80,23040,23040,360Kb,,1008Kb,,28,6,LQFP100-EV
gw5a25a-017,GW5A-EV25LQ100C2/I1,GW5A,GW5A-25A,LQFP100,EV,C2/I1,2,80,23040,23040,360Kb,,1008Kb,,28,6,LQFP100-EV
gw5a25a-018,GW5A-EV25UG225SES,GW5A,GW5A-25A,UBGA225S,EV,ES,1,168,23040,23040,360Kb,,1008Kb,,28,6,UBGA225S-EV
gw5a25a-019,GW5A-EV25UG225SC1/I0,GW5A,GW5A-25A,UBGA225S,EV,C1/I0,1,168,23040,23040,360Kb,,1008Kb,,28,6,UBGA225S-EV
gw5a25a-020,GW5A-EV25UG225SC2/I1,GW5A,GW5A-25A,UBGA225S,EV,C2/I1,2,168,23040,23040,360Kb,,1008Kb,,28,6,UBGA225S-EV
gw5a25a-021,GW5A-EV25MG196SES,GW5A,GW5A-25A,MBGA196S,EV,ES,1,114,23040,23040,360Kb,,1008Kb,,28,6,MBGA196S-EV
gw5a25a-022,GW5A-EV25MG196SC1/I0,GW5A,GW5A-25A,MBGA196S,EV,C1/I0,1,114,23040,23040,360Kb,,1008Kb,,28,6,MBGA196S-EV
gw5a25a-023,GW5A-EV25MG196SC2/I1,GW5A,GW5A-25A,MBGA196S,EV,C2/I1,2,114,23040,23040,360Kb,,1008Kb,,28,6,MBGA196S-EV
gw5a25a-024,GW5A-EV25PG256SES,GW5A,GW5A-25A,PBGA256S,EV,ES,1,194,23040,23040,360Kb,,1008Kb,,28,6,PBGA256S-EV
gw5a25a-025,GW5A-EV25PG256SC1/I0,GW5A,GW5A-25A,PBGA256S,EV,C1/I0,1,194,23040,23040,360Kb,,1008Kb,,28,6,PBGA256S-EV
gw5a25a-026,GW5A-EV25PG256SC2/I1,GW5A,GW5A-25A,PBGA256S,EV,C2/I1,2,194,23040,23040,360Kb,,1008Kb,,28,6,PBGA256S-EV
gw5a25a-029,GW5A-LV25PG256A0,GW5A,GW5A-25A,PBGA256,LV,A0,0,184,23040,23040,360Kb,,1008Kb,,28,6,
gw5a25a-033,GW5A-LV25LQ100C2/I1,GW5A,GW5A-25A,LQFP100,LV,C2/I1,2,80,23040,23040,360Kb,,1008Kb,,28,6,LQFP100-LV
gw5a25a-034,GW5A-LV25LQ100C1/I0,GW5A,GW5A-25A,LQFP100,LV,C1/I0,1,80,23040,23040,360Kb,,1008Kb,,28,6,LQFP100-LV
gw5a25a-035,GW5A-LV25LQ144C2/I1,GW5A,GW5A-25A,LQFP144,LV,C2/I1,2,109,23040,23040,360Kb,,1008Kb,,28,6,LQFP144-LV
gw5a25a-036,GW5A-LV25LQ144C1/I0,GW5A,GW5A-25A,LQFP144,LV,C1/I0,1,109,23040,23040,360Kb,,1008Kb,,28,6,LQFP144-LV
gw5a25a-037,GW5A-LV25PG196SC2/I1,GW5A,GW5A-25A,PBGA196S,LV,C2/I1,2,110,23040,23040,360Kb,,1008Kb,,28,6,
gw5a25a-038,GW5A-LV25PG196SC1/I0,GW5A,GW5A-25A,PBGA196S,LV,C1/I0,1,110,23040,23040,360Kb,,1008Kb,,28,6,
gw5a25a-039,GW5A-LV25UG324SC1/I0,GW5A,GW5A-25A,UBGA324S,LV,C1/I0,1,239,23040,23040,360Kb,,1008Kb,,28,6,UBGA324S-LV
gw5a25a-040,GW5A-LV25UG324SC2/I1,GW5A,GW5A-25A,UBGA324S,LV,C2/I1,2,239,23040,23040,360Kb,,1008Kb,,28,6,UBGA324S-LV
gw5a25a-041,GW5A-LV25PG256SC1/I0,GW5A,GW5A-25A,PBGA256S,LV,C1/I0,1,194,23040,23040,360Kb,,1008Kb,,28,6,PBGA256S-LV
gw5a25a-042,GW5A-LV25PG256SC2/I1,GW5A,GW5A-25A,PBGA256S,LV,C2/I1,2,194,23040,23040,360Kb,,1008Kb,,28,6,PBGA256S-LV
gw5a25a-043,GW5A-LV25MG196SC1/I0,GW5A,GW5A-25A,MBGA196S,LV,C1/I0,1,114,23040,23040,360Kb,,1008Kb,,28,6,MBGA196S-LV
gw5a25a-044,GW5A-LV25MG196SC2/I1,GW5A,GW5A-25A,MBGA196S,LV,C2/I1,2,114,23040,23040,360Kb,,1008Kb,,28,6,MBGA196S-LV
gw5a25a-045,GW5A-LV25PG256C1/I0,GW5A,GW5A-25A,PBGA256,LV,C1/I0,1,184,23040,23040,360Kb,,1008Kb,,28,6,
gw5a25a-046,GW5A-LV25PG256C2/I1,GW5A,GW5A-25A,PBGA256,LV,C2/I1,2,184,23040,23040,360Kb,,1008Kb,,28,6,
gw5a25b-002,GW5A-LV25MG121NC2/I1,GW5A,GW5A-25B,MBGA121N,LV,C2/I1,2,82,23040,23040,360Kb,180Kb,1008Kb,,28,6,
gw5a25b-003,GW5A-LV25MG121NC1/I0,GW5A,GW5A-25B,MBGA121N,LV,C1/I0,1,82,23040,23040,360Kb,180Kb,1008Kb,,28,6,
gw5a25b-004,GW5A-EV25UG324SC1/I0,GW5A,GW5A-25B,UBGA324S,EV,C1/I0,1,239,23040,23040,360Kb,180Kb,1008Kb,,28,6,UBGA324S-EV
gw5a25b-005,GW5A-EV25UG324SC2/I1,GW5A,GW5A-25B,UBGA324S,EV,C2/I1,2,239,23040,23040,360Kb,180Kb,1008Kb,,28,6,UBGA324S-EV
gw5a25b-006,GW5A-LV25UG324C1/I0,GW5A,GW5A-25B,UBGA324,LV,C1/I0,1,222,23040,23040,360Kb,180Kb,1008Kb,,28,6,
gw5a25b-007,GW5A-LV25UG324C2/I1,GW5A,GW5A-25B,UBGA324,LV,C2/I1,2,222,23040,23040,360Kb,180Kb,1008Kb,,28,6,
gw5a25b-008,GW5A-EV25PG256CC1/I0,GW5A,GW5A-25B,PBGA256C,EV,C1/I0,1,191,23040,23040,360Kb,180Kb,1008Kb,,28,6,PBGA256C-EV
gw5a25b-009,GW5A-EV25PG256CC2/I1,GW5A,GW5A-25B,PBGA256C,EV,C2/I1,2,191,23040,23040,360Kb,180Kb,1008Kb,,28,6,PBGA256C-EV
gw5a25b-010,GW5A-EV25UG256CC1/I0,GW5A,GW5A-25B,UBGA256C,EV,C1/I0,1,191,23040,23040,360Kb,180Kb,1008Kb,,28,6,UBGA256C-EV
gw5a25b-011,GW5A-EV25UG256CC2/I1,GW5A,GW5A-25B,UBGA256C,EV,C2/I1,2,191,23040,23040,360Kb,180Kb,1008Kb,,28,6,UBGA256C-EV
gw5a25b-012,GW5A-EV25LQ100C1/I0,GW5A,GW5A-25B,LQFP100,EV,C1/I0,1,80,23040,23040,360Kb,180Kb,1008Kb,,28,6,LQFP100-EV
gw5a25b-013,GW5A-EV25LQ100C2/I1,GW5A,GW5A-25B,LQFP100,EV,C2/I1,2,80,23040,23040,360Kb,180Kb,1008Kb,,28,6,LQFP100-EV
gw5a25b-014,GW5A-LV25LQ100C1/I0,GW5A,GW5A-25B,LQFP100,LV,C1/I0,1,80,23040,23040,360Kb,180Kb,1008Kb,,28,6,LQFP100-LV
gw5a25b-015,GW5A-LV25LQ100C2/I1,GW5A,GW5A-25B,LQFP100,LV,C2/I1,2,80,23040,23040,360Kb,180Kb,1008Kb,,28,6,LQFP100-LV
gw5a25b-016,GW5A-EV25UG225SC1/I0,GW5A,GW5A-25B,UBGA225S,EV,C1/I0,1,168,23040,23040,360Kb,180Kb,1008Kb,,28,6,UBGA225S-EV
gw5a25b-017,GW5A-EV25UG225SC2/I1,GW5A,GW5A-25B,UBGA225S,EV,C2/I1,2,168,23040,23040,360Kb,180Kb,1008Kb,,28,6,UBGA225S-EV
gw5a25b-018,GW5A-EV25MG196SC1/I0,GW5A,GW5A-25B,MBGA196S,EV,C1/I0,1,114,23040,23040,360Kb,180Kb,1008Kb,,28,6,MBGA196S-EV
gw5a25b-019,GW5A-EV25MG196SC2/I1,GW5A,GW5A-25B,MBGA196S,EV,C2/I1,2,114,23040,23040,360Kb,180Kb,1008Kb,,28,6,MBGA196S-EV
gw5a25b-020,GW5A-EV25PG256SC1/I0,GW5A,GW5A-25B,PBGA256S,EV,C1/I0,1,194,23040,23040,360Kb,180Kb,1008Kb,,28,6,PBGA256S-EV
gw5a25b-021,GW5A-EV25PG256SC2/I1,GW5A,GW5A-25B,PBGA256S,EV,C2/I1,2,194,23040,23040,360Kb,180Kb,1008Kb,,28,6,PBGA256S-EV
gw5a25b-022,GW5A-LV25PG256A0,GW5A,GW5A-25B,PBGA256,LV,A0,0,184,23040,23040,360Kb,180Kb,1008Kb,,28,6,
gw5a25b-023,GW5A-LV25LQ144C2/I1,GW5A,GW5A-25B,LQFP144,LV,C2/I1,2,109,23040,23040,360Kb,180Kb,1008Kb,,28,6,LQFP144-LV
gw5a25b-024,GW5A-LV25LQ144C1/I0,GW5A,GW5A-25B,LQFP144,LV,C1/I0,1,109,23040,23040,360Kb,180Kb,1008Kb,,28,6,LQFP144-LV
gw5a25b-025,GW5A-LV25PG196SC2/I1,GW5A,GW5A-25B,PBGA196S,LV,C2/I1,2,110,23040,23040,360Kb,180Kb,1008Kb,,28,6,
gw5a25b-026,GW5A-LV25PG196SC1/I0,GW5A,GW5A-25B,PBGA196S,LV,C1/I0,1,110,23040,23040,360Kb,180Kb,1008Kb,,28,6,
gw5a25b-027,GW5A-LV25UG324FA0,GW5A,GW5A-25B,UBGA324F,LV,A0,0,223,23040,23040,360Kb,180Kb,1008Kb,,28,6,
gw5a25b-028,GW5A-LV25UG324SC1/I0,GW5A,GW5A-25B,UBGA324S,LV,C1/I0,1,239,23040,23040,360Kb,180Kb,1008Kb,,28,6,UBGA324S-LV
gw5a25b-029,GW5A-LV25UG324SC2/I1,GW5A,GW5A-25B,UBGA324S,LV,C2/I1,2,239,23040,23040,360Kb,180Kb,1008Kb,,28,6,UBGA324S-LV
gw5a25b-030,GW5A-LV25PG256SC1/I0,GW5A,GW5A-25B,PBGA256S,LV,C1/I0,1,194,23040,23040,360Kb,180Kb,1008Kb,,28,6,PBGA256S-LV
gw5a25b-031,GW5A-LV25PG256SC2/I1,GW5A,GW5A-25B,PBGA256S,LV,C2/I1,2,194,23040,23040,360Kb,180Kb,1008Kb,,28,6,PBGA256S-LV
gw5a25b-032,GW5A-LV25MG196SC1/I0,GW5A,GW5A-25B,MBGA196S,LV,C1/I0,1,114,23040,23040,360Kb,180Kb,1008Kb,,28,6,MBGA196S-LV
gw5a25b-033,GW5A-LV25MG196SC2/I1,GW5A,GW5A-25B,MBGA196S,LV,C2/I1,2,114,23040,23040,360Kb,180Kb,1008Kb,,28,6,MBGA196S-LV
gw5a25b-034,GW5A-LV25PG256C1/I0,GW5A,GW5A-25B,PBGA256,LV,C1/I0,1,184,23040,23040,360Kb,180Kb,1008Kb,,28,6,
gw5a25b-035,GW5A-LV25PG256C2/I1,GW5A,GW5A-25B,PBGA256,LV,C2/I1,2,184,23040,23040,360Kb,180Kb,1008Kb,,28,6,
gw5a25b-036,GW5A-LV25UG256CC2/I1,GW5A,GW5A-25B,UBGA256C,LV,C2/I1,2,191,23040,23040,360Kb,180Kb,1008Kb,,28,6,UBGA256C-LV
gw5a25b-037,GW5A-LV25UG256CC1/I0,GW5A,GW5A-25B,UBGA256C,LV,C1/I0,1,191,23040,23040,360Kb,180Kb,1008Kb,,28,6,UBGA256C-LV
gw5as25a-000,GW5AS-EV25UG256ES,GW5AS,GW5AS-25A,UBGA256,EV,ES,1,144,23040,23040,360Kb,,1008Kb,,28,6,
gw5as25a-002,GW5AS-EV25UG256C1/I0,GW5AS,GW5AS-25A,UBGA256,EV,C1/I0,1,144,23040,23040,360Kb,,1008Kb,,28,6,
gw5as25a-003,GW5AS-EV25UG256C2/I1,GW5AS,GW5AS-25A,UBGA256,EV,C2/I1,2,144,23040,23040,360Kb,,1008Kb,,28,6,
gw5as25b-001,GW5AS-EV25UG256C1/I0,GW5AS,GW5AS-25B,UBGA256,EV,C1/I0,1,144,23040,23040,360Kb,180Kb,1008Kb,,28,6,
gw5as25b-002,GW5AS-EV25UG256C2/I1,GW5AS,GW5AS-25B,UBGA256,EV,C2/I1,2,144,23040,23040,360Kb,180Kb,1008Kb,,28,6,
gw5ar25a-000,GW5AR-LV25UG256PES,GW5AR,GW5AR-25A,UBGA256P,LV,ES,1,178,23040,23040,360Kb,,1008Kb,,28,6,
gw5ar25a-001,GW5AR-LV25UG256PC1/I0,GW5AR,GW5AR-25A,UBGA256P,LV,C1/I0,1,178,23040,23040,360Kb,,1008Kb,,28,6,
gw5ar25a-002,GW5AR-LV25UG256PC2/I1,GW5AR,GW5AR-25A,UBGA256P,LV,C2/I1,2,178,23040,23040,360Kb,,1008Kb,,28,6,
gw5ar25b-001,GW5AR-LV25UG256PC1/I0,GW5AR,GW5AR-25B,UBGA256P,LV,C1/I0,1,178,23040,23040,360Kb,180Kb,1008Kb,,28,6,
gw5ar25b-002,GW5AR-LV25UG256PC2/I1,GW5AR,GW5AR-25B,UBGA256P,LV,C2/I1,2,178,23040,23040,360Kb,180Kb,1008Kb,,28,6,
gw5at60es-005,GW5AT-LV60UG225ES,GW5AT,GW5AT-60ES,UBGA225,LV,ES,1,113,59904,59904,936Kb,468Kb,1296Kb,,118,8,
gw5at60b-002,GW5AT-LV60PG484AC1/I0,GW5AT,GW5AT-60B,PBGA484A,LV,C1/I0,1,297,59904,59904,936Kb,468Kb,2124Kb,,118,8,
gw5at60b-003,GW5AT-LV60PG484AC2/I1,GW5AT,GW5AT-60B,PBGA484A,LV,C2/I1,2,297,59904,59904,936Kb,468Kb,2124Kb,,118,8,
gw5at60b-004,GW5AT-LV60UG225A0,GW5AT,GW5AT-60B,UBGA225,LV,A0,0,113,59904,59904,936Kb,468Kb,2124Kb,,118,8,
gw5at60b-005,GW5AT-EV60UG324SC2/I1,GW5AT,GW5AT-60B,UBGA324S,EV,C2/I1,2,198,59904,59904,936Kb,468Kb,2124Kb,,118,8,
gw5at60b-006,GW5AT-EV60UG324SC1/I0,GW5AT,GW5AT-60B,UBGA324S,EV,C1/I0,1,198,59904,59904,936Kb,468Kb,2124Kb,,118,8,
gw5at60b-007,GW5AT-LV60UG225C2/I1,GW5AT,GW5AT-60B,UBGA225,LV,C2/I1,2,113,59904,59904,936Kb,468Kb,2124Kb,,118,8,
gw5at60b-008,GW5AT-LV60UG225C1/I0,GW5AT,GW5AT-60B,UBGA225,LV,C1/I0,1,113,59904,59904,936Kb,468Kb,2124Kb,,118,8,
gw5at60b-009,GW5AT-LV60PG484AES,GW5AT,GW5AT-60B,PBGA484A,LV,ES,1,297,59904,59904,936Kb,468Kb,2124Kb,,118,8,
gw5at60b-011,GW5AT-LV60UG225HC2/I1,GW5AT,GW5AT-60B,UBGA225H,LV,C2/I1,2,113,59904,59904,936Kb,468Kb,2124Kb,,118,8,
gw5at60b-012,GW5AT-LV60UG324AES,GW5AT,GW5AT-60B,UBGA324A,LV,ES,1,162,59904,59904,936Kb,468Kb,2124Kb,,118,8,
gw5at60b-013,GW5AT-LV60UG324AC2/I1,GW5AT,GW5AT-60B,UBGA324A,LV,C2/I1,2,162,59904,59904,936Kb,468Kb,2124Kb,,118,8,
gw5at60b-014,GW5AT-LV60UG324AC1/I0,GW5AT,GW5AT-60B,UBGA324A,LV,C1/I0,1,162,59904,59904,936Kb,468Kb,2124Kb,,118,8,
gw5a60b-002,GW5A-LV60UG324AC2/I1,GW5A,GW5A-60B,UBGA324A,LV,C2/I1,2,222,59904,59904,936Kb,468Kb,2124Kb,,118,8,
gw5a60b-003,GW5A-LV60UG324AC1/I0,GW5A,GW5A-60B,UBGA324A,LV,C1/I0,1,222,59904,59904,936Kb,468Kb,2124Kb,,118,8,
gw5a60b-004,GW5A-EV60UG324SC2/I1,GW5A,GW5A-60B,UBGA324S,EV,C2/I1,2,226,59904,59904,936Kb,468Kb,2124Kb,,118,8,UBGA324S-EV
gw5a60b-005,GW5A-EV60UG324SC1/I0,GW5A,GW5A-60B,UBGA324S,EV,C1/I0,1,226,59904,59904,936Kb,468Kb,2124Kb,,118,8,UBGA324S-EV
gw5a60b-006,GW5A-LV60UG324SC2/I1,GW5A,GW5A-60B,UBGA324S,LV,C2/I1,2,226,59904,59904,936Kb,468Kb,2124Kb,,118,8,UBGA324S-LV
gw5a60b-007,GW5A-LV60UG324SC1/I0,GW5A,GW5A-60B,UBGA324S,LV,C1/I0,1,226,59904,59904,936Kb,468Kb,2124Kb,,118,8,UBGA324S-LV
gw5a60b-008,GW5A-EV60PG324CC2/I1,GW5A,GW5A-60B,PBGA324C,EV,C2/I1,2,205,59904,59904,936Kb,468Kb,2124Kb,,118,8,PBGA324C-EV
gw5a60b-009,GW5A-EV60PG324CC1/I0,GW5A,GW5A-60B,PBGA324C,EV,C1/I0,1,205,59904,59904,936Kb,468Kb,2124Kb,,118,8,PBGA324C-EV
gw5a60b-011,GW5A-LV60UG324AES,GW5A,GW5A-60B,UBGA324A,LV,ES,1,222,59904,59904,936Kb,468Kb,2124Kb,,118,8,
gw5at75b-000,GW5AT-LV75UG484ES,GW5AT,GW5AT-75B,UBGA484,LV,ES,1,311,86688,86688,1354Kb,,4608Kb,,214,12,
gw5at75b-002,GW5AT-LV75UG484C2/I1,GW5AT,GW5AT-75B,UBGA484,LV,C2/I1,2,311,86688,86688,1354Kb,,4608Kb,,214,12,
gw5at75b-003,GW5AT-LV75UG484C1/I0,GW5AT,GW5AT-75B,UBGA484,LV,C1/I0,1,311,86688,86688,1354Kb,,4608Kb,,214,12,
gw5at75c-001,GW5AT-LV75UG484C2/I1,GW5AT,GW5AT-75C,UBGA484,LV,C2/I1,2,311,86688,86688,1354Kb,677Kb,4608Kb,,214,12,
gw5at75c-002,GW5AT-LV75UG484C1/I0,GW5AT,GW5AT-75C,UBGA484,LV,C1/I0,1,311,86688,86688,1354Kb,677Kb,4608Kb,,214,12,
gw5at138b-000,GW5AT-LV138PG484AES,GW5AT,GW5AT-138B,PBGA484A,LV,ES,1,296,138240,138240,2160Kb,,6120Kb,,298,12,
gw5at138b-002,GW5AT-LV138FPG676AES,GW5AT,GW5AT-138B,FCPBGA676A,LV,ES,1,311,138240,138240,2160Kb,,6120Kb,,298,12,
gw5at138b-004,GW5AT-LV138PG484ES,GW5AT,GW5AT-138B,PBGA484,LV,ES,1,276,138240,138240,2160Kb,,6120Kb,,298,12,
gw5at138b-005,GW5AT-LV138PG676AES,GW5AT,GW5AT-138B,PBGA676A,LV,ES,1,311,138240,138240,2160Kb,,6120Kb,,298,12,
gw5at138b-007,GW5AT-LV138FPG676AC2/I1,GW5AT,GW5AT-138B,FCPBGA676A,LV,C2/I1,2,311,138240,138240,2160Kb,,6120Kb,,298,12,
gw5at138b-008,GW5AT-LV138FPG676AC1/I0,GW5AT,GW5AT-138B,FCPBGA676A,LV,C1/I0,1,311,138240,138240,2160Kb,,6120Kb,,298,12,
gw5at138b-009,GW5AT-LV138PG676AC2/I1,GW5AT,GW5AT-138B,PBGA676A,LV,C2/I1,2,311,138240,138240,2160Kb,,6120Kb,,298,12,
gw5at138b-010,GW5AT-LV138PG676AC1/I0,GW5AT,GW5AT-138B,PBGA676A,LV,C1/I0,1,311,138240,138240,2160Kb,,6120Kb,,298,12,
gw5at138b-011,GW5AT-LV138PG484AC2/I1,GW5AT,GW5AT-138B,PBGA484A,LV,C2/I1,2,296,138240,138240,2160Kb,,6120Kb,,298,12,
gw5at138b-012,GW5AT-LV138PG484AC1/I0,GW5AT,GW5AT-138B,PBGA484A,LV,C1/I0,1,296,138240,138240,2160Kb,,6120Kb,,298,12,
gw5at138b-013,GW5AT-LV138UG324AES,GW5AT,GW5AT-138B,UBGA324A,LV,ES,1,141,138240,138240,2160Kb,,6120Kb,,298,12,
gw5at138b-014,GW5AT-LV138UG324AC1/I0,GW5AT,GW5AT-138B,UBGA324A,LV,C1/I0,1,141,138240,138240,2160Kb,,6120Kb,,298,12,
gw5at138b-015,GW5AT-LV138UG324AC2/I1,GW5AT,GW5AT-138B,UBGA324A,LV,C2/I1,2,141,138240,138240,2160Kb,,6120Kb,,298,12,
gw5at138b-017,GW5AT-LV138UG324AA0,GW5AT,GW5AT-138B,UBGA324A,LV,A0,0,141,138240,138240,2160Kb,,6120Kb,,298,12,
gw5at138b-018,GW5AT-LV138PG484C2/I1,GW5AT,GW5AT-138B,PBGA484,LV,C2/I1,2,276,138240,138240,2160Kb,,6120Kb,,298,12,
gw5at138b-019,GW5AT-LV138PG484C1/I0,GW5AT,GW5AT-138B,PBGA484,LV,C1/I0,1,276,138240,138240,2160Kb,,6120Kb,,298,12,
gw5ast138b-000,GW5AST-LV138PG484AES,GW5AST,GW5AST-138B,PBGA484A,LV,ES,1,296,138240,138240,2160Kb,,6120Kb,,298,12,
gw5ast138b-002,GW5AST-LV138FPG676AES,GW5AST,GW5AST-138B,FCPBGA676A,LV,ES,1,311,138240,138240,2160Kb,,6120Kb,,298,12,
gw5ast138b-004,GW5AST-LV138PG676AES,GW5AST,GW5AST-138B,PBGA676A,LV,ES,1,311,138240,138240,2160Kb,,6120Kb,,298,12,
gw5ast138b-006,GW5AST-LV138FPG676AC2/I1,GW5AST,GW5AST-138B,FCPBGA676A,LV,C2/I1,2,311,138240,138240,2160Kb,,6120Kb,,298,12,
gw5ast138b-007,GW5AST-LV138FPG676AC1/I0,GW5AST,GW5AST-138B,FCPBGA676A,LV,C1/I0,1,311,138240,138240,2160Kb,,6120Kb,,298,12,
gw5ast138b-008,GW5AST-LV138PG676AC2/I1,GW5AST,GW5AST-138B,PBGA676A,LV,C2/I1,2,311,138240,138240,2160Kb,,6120Kb,,298,12,
gw5ast138b-009,GW5AST-LV138PG676AC1/I0,GW5AST,GW5AST-138B,PBGA676A,LV,C1/I0,1,311,138240,138240,2160Kb,,6120Kb,,298,12,
gw5ast138b-010,GW5AST-LV138PG484AC2/I1,GW5AST,GW5AST-138B,PBGA484A,LV,C2/I1,2,296,138240,138240,2160Kb,,6120Kb,,298,12,
gw5ast138b-011,GW5AST-LV138PG484AC1/I0,GW5AST,GW5AST-138B,PBGA484A,LV,C1/I0,1,296,138240,138240,2160Kb,,6120Kb,,298,12,
gw5a138b-000,GW5A-LV138UG324AES,GW5A,GW5A-138B,UBGA324A,LV,ES,1,221,138240,138240,2160Kb,,6120Kb,,298,12,
gw5a138b-002,GW5A-LV138UG324AC2/I1,GW5A,GW5A-138B,UBGA324A,LV,C2/I1,2,221,138240,138240,2160Kb,,6120Kb,,298,12,
gw5a138b-003,GW5A-LV138UG324AC1/I0,GW5A,GW5A-138B,UBGA324A,LV,C1/I0,1,221,138240,138240,2160Kb,,6120Kb,,298,12,
gw5as138b-000,GW5AS-LV138UG324AES,GW5AS,GW5AS-138B,UBGA324A,LV,ES,1,221,138240,138240,2160Kb,,6120Kb,,298,12,
gw5as138b-001,GW5AS-LV138UG324AC2/I1,GW5AS,GW5AS-138B,UBGA324A,LV,C2/I1,2,221,138240,138240,2160Kb,,6120Kb,,298,12,
gw5as138b-002,GW5AS-LV138UG324AC1/I0,GW5AS,GW5AS-138B,UBGA324A,LV,C1/I0,1,221,138240,138240,2160Kb,,6120Kb,,298,12,
gw5at138c-002,GW5AT-LV138FPG676AC2/I1,GW5AT,GW5AT-138C,FCPBGA676A,LV,C2/I1,2,311,138240,138240,2160Kb,1080Kb,6120Kb,,298,12,
gw5at138c-003,GW5AT-LV138FPG676AC1/I0,GW5AT,GW5AT-138C,FCPBGA676A,LV,C1/I0,1,311,138240,138240,2160Kb,1080Kb,6120Kb,,298,12,
gw5at138c-004,GW5AT-LV138PG676AC2/I1,GW5AT,GW5AT-138C,PBGA676A,LV,C2/I1,2,311,138240,138240,2160Kb,1080Kb,6120Kb,,298,12,
gw5at138c-005,GW5AT-LV138PG676AC1/I0,GW5AT,GW5AT-138C,PBGA676A,LV,C1/I0,1,311,138240,138240,2160Kb,1080Kb,6120Kb,,298,12,
gw5at138c-006,GW5AT-LV138PG484AC2/I1,GW5AT,GW5AT-138C,PBGA484A,LV,C2/I1,2,296,138240,138240,2160Kb,1080Kb,6120Kb,,298,12,
gw5at138c-007,GW5AT-LV138PG484AC1/I0,GW5AT,GW5AT-138C,PBGA484A,LV,C1/I0,1,296,138240,138240,2160Kb,1080Kb,6120Kb,,298,12,
gw5at138c-008,GW5AT-LV138UG324AC1/I0,GW5AT,GW5AT-138C,UBGA324A,LV,C1/I0,1,141,138240,138240,2160Kb,1080Kb,6120Kb,,298,12,
gw5at138c-009,GW5AT-LV138UG324AC2/I1,GW5AT,GW5AT-138C,UBGA324A,LV,C2/I1,2,141,138240,138240,2160Kb,1080Kb,6120Kb,,298,12,
gw5at138c-010,GW5AT-LV138UG324AA0,GW5AT,GW5AT-138C,UBGA324A,LV,A0,0,141,138240,138240,2160Kb,1080Kb,6120Kb,,298,12,
gw5at138c-011,GW5AT-LV138PG484FA0,GW5AT,GW5AT-138C,PBGA484F,LV,A0,0,276,138240,138240,2160Kb,1080Kb,6120Kb,,298,12,
gw5at138c-012,GW5AT-LV138PG484C2/I1,GW5AT,GW5AT-138C,PBGA484,LV,C2/I1,2,276,138240,138240,2160Kb,1080Kb,6120Kb,,298,12,
gw5at138c-013,GW5AT-LV138PG484C1/I0,GW5AT,GW5AT-138C,PBGA484,LV,C1/I0,1,276,138240,138240,2160Kb,1080Kb,6120Kb,,298,12,
gw5ast138c-002,GW5AST-LV138FPG676AC2/I1,GW5AST,GW5AST-138C,FCPBGA676A,LV,C2/I1,2,311,138240,138240,2160Kb,1080Kb,6120Kb,,298,12,
gw5ast138c-003,GW5AST-LV138FPG676AC1/I0,GW5AST,GW5AST-138C,FCPBGA676A,LV,C1/I0,1,311,138240,138240,2160Kb,1080Kb,6120Kb,,298,12,
gw5ast138c-004,GW5AST-LV138PG676AC2/I1,GW5AST,GW5AST-138C,PBGA676A,LV,C2/I1,2,311,138240,138240,2160Kb,1080Kb,6120Kb,,298,12,
gw5ast138c-005,GW5AST-LV138PG676AC1/I0,GW5AST,GW5AST-138C,PBGA676A,LV,C1/I0,1,311,138240,138240,2160Kb,1080Kb,6120Kb,,298,12,
gw5ast138c-006,GW5AST-LV138PG484AC2/I1,GW5AST,GW5AST-138C,PBGA484A,LV,C2/I1,2,296,138240,138240,2160Kb,1080Kb,6120Kb,,298,12,
gw5ast138c-007,GW5AST-LV138PG484AC1/I0,GW5AST,GW5AST-138C,PBGA484A,LV,C1/I0,1,296,138240,138240,2160Kb,1080Kb,6120Kb,,298,12,
gw5a138c-001,GW5A-LV138UG324AC2/I1,GW5A,GW5A-138C,UBGA324A,LV,C2/I1,2,221,138240,138240,2160Kb,1080Kb,6120Kb,,298,12,
gw5a138c-002,GW5A-LV138UG324AC1/I0,GW5A,GW5A-138C,UBGA324A,LV,C1/I0,1,221,138240,138240,2160Kb,1080Kb,6120Kb,,298,12,
gw5as138c-001,GW5AS-LV138UG324AC2/I1,GW5AS,GW5AS-138C,UBGA324A,LV,C2/I1,2,221,138240,138240,2160Kb,1080Kb,6120Kb,,298,12,
gw5as138c-002,GW5AS-LV138UG324AC1/I0,GW5AS,GW5AS-138C,UBGA324A,LV,C1/I0,1,221,138240,138240,2160Kb,1080Kb,6120Kb,,298,12,